Fecha,Costo_Predicho,Costos_Min,Costos_Max,Tipo
2022-01-01,5372.42,2701.52,7959.19,Histórico
2022-01-02,5501.13,2792.99,8035.97,Histórico
2022-01-03,5538.64,2897.71,8266.82,Histórico
2022-01-04,5586.6,2890.55,8319.57,Histórico
2022-01-05,5790.37,3219.58,8413.84,Histórico
2022-01-06,5788.39,3182.97,8218.22,Histórico
2022-01-07,5540.02,2901.0,8066.95,Histórico
2022-01-08,5572.94,2989.42,8261.51,Histórico
2022-01-09,5696.27,2917.34,8537.38,Histórico
2022-01-10,5723.14,3035.92,8300.3,Histórico
2022-01-11,5755.23,3209.59,8585.42,Histórico
2022-01-12,5938.06,3246.02,8694.07,Histórico
2022-01-13,5910.26,3125.54,8590.7,Histórico
2022-01-14,5631.61,3150.56,8380.34,Histórico
2022-01-15,5630.57,2947.66,8036.45,Histórico
2022-01-16,5716.89,3029.44,8367.99,Histórico
2022-01-17,5704.49,3198.24,8583.78,Histórico
2022-01-18,5696.02,3086.41,8376.06,Histórico
2022-01-19,5838.06,3027.29,8510.57,Histórico
2022-01-20,5770.16,2939.7,8424.4,Histórico
2022-01-21,5453.2,2886.56,8356.24,Histórico
2022-01-22,5416.86,2735.14,7983.89,Histórico
2022-01-23,5471.89,2974.99,8103.54,Histórico
2022-01-24,5433.1,2739.52,7969.63,Histórico
2022-01-25,5404.04,2633.08,8059.14,Histórico
2022-01-26,5532.11,2710.27,8294.69,Histórico
2022-01-27,5457.33,2876.88,8182.95,Histórico
2022-01-28,5141.0,2671.16,7845.1,Histórico
2022-01-29,5113.25,2233.92,7681.93,Histórico
2022-01-30,5184.8,2551.4,7901.69,Histórico
2022-01-31,5170.27,2542.25,7845.33,Histórico
2022-02-01,5172.88,2341.03,7967.72,Histórico
2022-02-02,5339.55,2478.87,7892.92,Histórico
2022-02-03,5309.42,2378.55,8082.25,Histórico
2022-02-04,5042.87,2493.84,7695.0,Histórico
2022-02-05,5069.13,2504.3,7758.72,Histórico
2022-02-06,5197.66,2500.9,8030.56,Histórico
2022-02-07,5241.7,2324.82,7963.02,Histórico
2022-02-08,5303.13,2566.81,7873.45,Histórico
2022-02-09,5527.48,2771.39,8114.7,Histórico
2022-02-10,5552.38,2813.61,7994.99,Histórico
2022-02-11,5336.77,2893.63,8018.53,Histórico
2022-02-12,5408.78,2709.24,8054.6,Histórico
2022-02-13,5576.58,2830.79,8209.77,Histórico
2022-02-14,5652.27,3081.96,8281.1,Histórico
2022-02-15,5736.88,2964.36,8349.31,Histórico
2022-02-16,5975.29,3272.73,8525.68,Histórico
2022-02-17,6004.5,3400.66,8686.49,Histórico
2022-02-18,5783.2,3072.58,8411.32,Histórico
2022-02-19,5839.67,3159.24,8534.67,Histórico
2022-02-20,5982.27,3116.29,8498.8,Histórico
2022-02-21,6023.51,3269.42,8724.51,Histórico
2022-02-22,6065.17,3368.75,8625.36,Histórico
2022-02-23,6253.13,3531.73,8744.98,Histórico
2022-02-24,6225.39,3423.98,8830.01,Histórico
2022-02-25,5941.94,3390.61,8643.22,Histórico
2022-02-26,5932.72,3378.91,8655.19,Histórico
2022-02-27,6007.56,3254.22,8568.31,Histórico
2022-02-28,5980.56,3312.06,8692.42,Histórico
2022-03-01,5955.19,3364.82,8829.37,Histórico
2022-03-02,6079.01,3317.32,8609.64,Histórico
2022-03-03,5991.52,3239.0,8789.33,Histórico
2022-03-04,5654.18,2947.39,8414.44,Histórico
2022-03-05,5598.46,2852.44,8328.72,Histórico
2022-03-06,5635.33,2691.16,8521.84,Histórico
2022-03-07,5579.81,2828.04,8326.27,Histórico
2022-03-08,5536.16,2818.57,8324.77,Histórico
2022-03-09,5652.5,2892.02,8302.75,Histórico
2022-03-10,5568.45,2892.31,7915.31,Histórico
2022-03-11,5245.43,2592.18,7806.69,Histórico
2022-03-12,5214.78,2503.19,7916.1,Histórico
2022-03-13,5286.83,2635.7,8132.99,Histórico
2022-03-14,5275.71,2737.85,7820.55,Histórico
2022-03-15,5284.63,2720.52,8098.5,Histórico
2022-03-16,5460.5,2518.36,8188.85,Histórico
2022-03-17,5441.33,2936.85,8065.57,Histórico
2022-03-18,5186.92,2412.63,7574.86,Histórico
2022-03-19,5227.09,2756.9,7759.23,Histórico
2022-03-20,5370.33,2852.95,8147.99,Histórico
2022-03-21,5428.88,2860.68,8188.89,Histórico
2022-03-22,5504.23,2749.07,8302.23,Histórico
2022-03-23,5741.64,3129.16,8485.58,Histórico
2022-03-24,5777.4,3047.23,8602.56,Histórico
2022-03-25,5569.87,2781.75,8108.82,Histórico
2022-03-26,5647.78,2894.34,8367.7,Histórico
2022-03-27,5818.54,3119.52,8366.26,Histórico
2022-03-28,5893.55,3166.7,8643.54,Histórico
2022-03-29,5973.84,3341.69,8694.6,Histórico
2022-03-30,6204.45,3724.69,9035.95,Histórico
2022-03-31,6221.62,3659.51,9142.7,Histórico
2022-04-01,5984.03,3340.81,8763.45,Histórico
2022-04-02,6021.24,3437.99,8743.3,Histórico
2022-04-03,6141.44,3640.39,8799.94,Histórico
2022-04-04,6157.13,3596.02,8688.63,Histórico
2022-04-05,6170.68,3348.95,8749.63,Histórico
2022-04-06,6328.73,3876.38,9159.88,Histórico
2022-04-07,6269.06,3461.09,8915.1,Histórico
2022-04-08,5952.1,3348.6,8686.46,Histórico
2022-04-09,5909.43,3192.37,8522.91,Histórico
2022-04-10,5951.03,3400.61,8500.03,Histórico
2022-04-11,5891.14,3201.75,8430.45,Histórico
2022-04-12,5833.94,3299.58,8526.4,Histórico
2022-04-13,5927.74,3178.19,8517.39,Histórico
2022-04-14,5811.69,3005.27,8362.09,Histórico
2022-04-15,5447.5,2959.59,8087.6,Histórico
2022-04-16,5367.99,2724.9,8174.65,Histórico
2022-04-17,5383.95,2829.81,8148.74,Histórico
2022-04-18,5310.11,2313.49,7910.97,Histórico
2022-04-19,5250.98,2541.19,7774.72,Histórico
2022-04-20,5354.98,2849.14,7984.6,Histórico
2022-04-21,5260.85,2732.21,7603.14,Histórico
2022-04-22,4929.79,2166.92,7863.95,Histórico
2022-04-23,4894.05,2019.15,7606.05,Histórico
2022-04-24,4963.32,2310.05,7625.69,Histórico
2022-04-25,4951.08,2536.11,7663.07,Histórico
2022-04-26,4960.5,2111.62,7650.75,Histórico
2022-04-27,5138.52,2406.18,7708.48,Histórico
2022-04-28,5122.15,2568.64,7779.64,Histórico
2022-04-29,4870.89,2271.64,7459.77,Histórico
2022-04-30,4915.45,2220.39,7516.16,Histórico
2022-05-01,5063.78,2356.42,7751.27,Histórico
2022-05-02,5127.67,2542.03,7595.43,Histórico
2022-05-03,5208.78,2551.34,7960.7,Histórico
2022-05-04,5452.69,2829.16,8167.68,Histórico
2022-05-05,5495.04,2918.46,8168.75,Histórico
2022-05-06,5294.23,2617.45,7609.49,Histórico
2022-05-07,5380.32,2745.66,8135.72,Histórico
2022-05-08,5560.53,2849.1,8321.92,Histórico
2022-05-09,5646.18,3091.25,8360.61,Histórico
2022-05-10,5738.78,3055.96,8635.41,Histórico
2022-05-11,5984.0,3404.22,8586.43,Histórico
2022-05-12,6017.63,3149.6,8700.79,Histórico
2022-05-13,5798.55,2994.51,8423.52,Histórico
2022-05-14,5857.66,3058.02,8557.28,Histórico
2022-05-15,6002.96,3317.56,8666.86,Histórico
2022-05-16,6046.69,3207.14,8609.78,Histórico
2022-05-17,6091.49,3173.5,8813.17,Histórico
2022-05-18,6284.28,3618.37,9121.09,Histórico
2022-05-19,6261.97,3580.43,8743.14,Histórico
2022-05-20,5984.67,3362.12,8728.87,Histórico
2022-05-21,5984.73,3355.56,8577.82,Histórico
2022-05-22,6071.31,3155.87,8591.99,Histórico
2022-05-23,6057.72,3368.55,8865.57,Histórico
2022-05-24,6047.72,3169.72,8569.21,Histórico
2022-05-25,6189.22,3453.6,8930.11,Histórico
2022-05-26,6119.82,3312.57,8828.02,Histórico
2022-05-27,5800.32,3179.03,8567.93,Histórico
2022-05-28,5763.76,2903.21,8441.49,Histórico
2022-05-29,5819.62,3116.72,8447.52,Histórico
2022-05-30,5781.36,2953.67,8428.43,Histórico
2022-05-31,5752.83,3128.59,8297.36,Histórico
2022-06-01,5881.93,3134.9,8467.13,Histórico
2022-06-02,5805.91,3110.7,8398.5,Histórico
2022-06-03,5485.23,2712.61,8201.84,Histórico
2022-06-04,5452.68,2714.29,8201.21,Histórico
2022-06-05,5517.15,2601.55,8397.07,Histórico
2022-06-06,5491.47,2773.4,8130.85,Histórico
2022-06-07,5478.91,2689.15,8086.7,Histórico
2022-06-08,5626.76,2979.82,8138.44,Histórico
2022-06-09,5571.52,2929.57,8211.57,Histórico
2022-06-10,5273.02,2745.74,7982.91,Histórico
2022-06-11,5263.63,2614.5,8071.88,Histórico
2022-06-12,5351.65,2868.11,8178.34,Histórico
2022-06-13,5349.37,2440.82,7859.1,Histórico
2022-06-14,5359.68,2564.27,8150.24,Histórico
2022-06-15,5529.61,2772.7,8341.7,Histórico
2022-06-16,5495.29,2735.62,8063.39,Histórico
2022-06-17,5216.35,2627.01,7968.02,Histórico
2022-06-18,5225.29,2809.89,7793.18,Histórico
2022-06-19,5330.31,2610.2,7971.91,Histórico
2022-06-20,5343.69,2843.11,7896.96,Histórico
2022-06-21,5368.48,2424.02,7828.27,Histórico
2022-06-22,5551.89,2945.34,8457.25,Histórico
2022-06-23,5530.12,2851.93,8238.48,Histórico
2022-06-24,5262.97,2618.48,7997.84,Histórico
2022-06-25,5283.33,2719.18,7914.69,Histórico
2022-06-26,5399.53,2763.42,8119.46,Histórico
2022-06-27,5423.94,2778.43,7920.39,Histórico
2022-06-28,5459.77,2787.7,8158.95,Histórico
2022-06-29,5654.39,2933.11,8378.41,Histórico
2022-06-30,5643.9,2932.6,8392.34,Histórico
2022-07-01,5388.09,2717.29,7959.84,Histórico
2022-07-02,5419.93,2779.14,7827.32,Histórico
2022-07-03,5547.57,2836.51,8272.58,Histórico
2022-07-04,5583.14,2914.69,8481.86,Histórico
2022-07-05,5629.64,3059.54,8336.76,Histórico
2022-07-06,5834.23,3249.98,8433.41,Histórico
2022-07-07,5832.56,3033.82,8483.65,Histórico
2022-07-08,5584.09,2815.63,8298.9,Histórico
2022-07-09,5621.64,2842.41,8336.34,Histórico
2022-07-10,5752.95,3213.76,8457.83,Histórico
2022-07-11,5789.78,2972.03,8500.44,Histórico
2022-07-12,5834.89,2998.76,8649.6,Histórico
2022-07-13,6035.25,3370.27,8732.53,Histórico
2022-07-14,6026.21,3361.93,8655.73,Histórico
2022-07-15,5767.1,3342.11,8666.04,Histórico
2022-07-16,5790.89,3104.0,8411.3,Histórico
2022-07-17,5905.32,3315.59,8766.36,Histórico
2022-07-18,5922.21,3455.89,8499.71,Histórico
2022-07-19,5944.57,3460.29,8436.7,Histórico
2022-07-20,6119.74,3361.78,8712.44,Histórico
2022-07-21,6083.33,3498.85,8731.48,Histórico
2022-07-22,5795.14,3089.68,8400.63,Histórico
2022-07-23,5788.85,2994.59,8483.95,Histórico
2022-07-24,5872.71,3081.92,8459.34,Histórico
2022-07-25,5859.11,3125.26,8505.32,Histórico
2022-07-26,5851.76,2994.83,8463.17,Histórico
2022-07-27,5998.69,3426.51,8639.12,Histórico
2022-07-28,5936.05,3347.9,8618.38,Histórico
2022-07-29,5624.24,3011.19,8425.92,Histórico
2022-07-30,5597.71,2820.93,8255.4,Histórico
2022-07-31,5665.16,3136.32,8210.97,Histórico
2022-08-01,5639.35,2775.9,8322.61,Histórico
2022-08-02,5624.39,3076.27,8305.66,Histórico
2022-08-03,5768.62,3134.74,8584.29,Histórico
2022-08-04,5708.2,3056.89,8513.87,Histórico
2022-08-05,5403.55,2685.28,8241.25,Histórico
2022-08-06,5389.22,2559.59,8114.99,Histórico
2022-08-07,5473.63,2853.76,8194.01,Histórico
2022-08-08,5469.18,2838.69,8302.4,Histórico
2022-08-09,5479.57,2609.67,8295.84,Histórico
2022-08-10,5652.68,2814.83,8291.41,Histórico
2022-08-11,5623.94,2884.24,8194.33,Histórico
2022-08-12,5353.08,2785.05,8182.79,Histórico
2022-08-13,5374.08,2678.86,7884.05,Histórico
2022-08-14,5494.57,2795.67,8047.96,Histórico
2022-08-15,5526.05,2917.82,8173.56,Histórico
2022-08-16,5571.5,2838.62,8302.1,Histórico
2022-08-17,5778.07,3173.93,8521.2,Histórico
2022-08-18,5780.34,2984.89,8338.54,Histórico
2022-08-19,5537.37,2726.83,8483.01,Histórico
2022-08-20,5582.72,2923.68,8081.72,Histórico
2022-08-21,5723.43,3009.03,8389.99,Histórico
2022-08-22,5770.55,2975.7,8499.04,Histórico
2022-08-23,5826.79,3324.61,8550.9,Histórico
2022-08-24,6039.15,3349.5,8753.09,Histórico
2022-08-25,6042.03,3326.58,8795.19,Histórico
2022-08-26,5794.51,3146.27,8494.03,Histórico
2022-08-27,5830.51,3374.47,8561.96,Histórico
2022-08-28,5957.26,3136.92,8771.23,Histórico
2022-08-29,5986.13,3097.93,8428.04,Histórico
2022-08-30,6020.32,3249.73,8746.62,Histórico
2022-08-31,6207.41,3469.73,9020.42,Histórico
2022-09-01,6182.28,3770.74,8980.88,Histórico
2022-09-02,5904.63,3318.13,8569.43,Histórico
2022-09-03,5909.23,3174.86,8405.9,Histórico
2022-09-04,6003.91,3345.26,8687.98,Histórico
2022-09-05,6000.65,3288.02,8650.36,Histórico
2022-09-06,6003.31,3454.4,8555.06,Histórico
2022-09-07,6160.14,3459.63,8634.03,Histórico
2022-09-08,6106.44,3304.41,8601.9,Histórico
2022-09-09,5802.36,3056.51,8567.25,Histórico
2022-09-10,5783.27,3227.83,8754.78,Histórico
2022-09-11,5857.26,3239.57,8478.66,Histórico
2022-09-12,5836.45,3149.22,8553.38,Histórico
2022-09-13,5824.9,3092.95,8547.52,Histórico
2022-09-14,5970.96,3216.68,8680.48,Histórico
2022-09-15,5909.75,3263.1,8716.26,Histórico
2022-09-16,5601.3,3028.32,8279.64,Histórico
2022-09-17,5580.97,2912.49,8262.57,Histórico
2022-09-18,5656.53,2900.24,8282.96,Histórico
2022-09-19,5639.73,2831.46,8326.39,Histórico
2022-09-20,5634.32,2783.69,8228.57,Histórico
2022-09-21,5788.32,2897.56,8401.55,Histórico
2022-09-22,5736.34,2989.91,8362.92,Histórico
2022-09-23,5438.01,2930.62,8185.55,Histórico
2022-09-24,5428.49,2493.03,7942.76,Histórico
2022-09-25,5515.13,2746.21,8147.82,Histórico
2022-09-26,5509.32,2844.74,8152.26,Histórico
2022-09-27,5514.55,2697.59,8141.66,Histórico
2022-09-28,5678.67,3204.74,8474.17,Histórico
2022-09-29,5636.0,2995.67,8296.42,Histórico
2022-09-30,5346.04,2596.69,8069.16,Histórico
2022-10-01,5344.1,2519.0,8031.08,Histórico
2022-10-02,5437.46,2812.33,8089.89,Histórico
2022-10-03,5437.49,2801.33,8277.05,Histórico
2022-10-04,5447.83,2798.43,8010.14,Histórico
2022-10-05,5616.53,3028.28,8253.92,Histórico
2022-10-06,5577.96,2872.12,8103.52,Histórico
2022-10-07,5291.82,2604.17,8160.12,Histórico
2022-10-08,5293.78,2657.22,7911.73,Histórico
2022-10-09,5391.28,2619.83,8038.95,Histórico
2022-10-10,5395.83,2642.24,8083.85,Histórico
2022-10-11,5411.28,2615.47,8008.63,Histórico
2022-10-12,5585.88,2948.97,8299.71,Histórico
2022-10-13,5553.99,2746.88,8215.48,Histórico
2022-10-14,5275.34,2625.8,8031.96,Histórico
2022-10-15,5285.83,2382.58,7790.64,Histórico
2022-10-16,5392.78,2609.51,8134.98,Histórico
2022-10-17,5407.55,2708.82,8114.51,Histórico
2022-10-18,5433.88,2764.19,8042.69,Histórico
2022-10-19,5619.88,3001.69,8428.76,Histórico
2022-10-20,5599.55,2963.86,8266.85,Histórico
2022-10-21,5332.35,2664.02,7979.44,Histórico
2022-10-22,5354.05,2590.98,7996.88,Histórico
2022-10-23,5471.58,2709.74,7876.53,Histórico
2022-10-24,5495.93,2806.16,8063.96,Histórico
2022-10-25,5530.54,2720.29,8225.93,Histórico
2022-10-26,5723.28,3281.31,8495.58,Histórico
2022-10-27,5707.73,3129.91,8309.03,Histórico
2022-10-28,5443.11,2573.63,8167.28,Histórico
2022-10-29,5465.17,2660.04,8362.89,Histórico
2022-10-30,5580.66,2673.49,8258.07,Histórico
2022-10-31,5600.42,3000.26,8302.89,Histórico
2022-11-01,5627.94,3162.28,8307.55,Histórico
2022-11-02,5811.18,3296.34,8454.55,Histórico
2022-11-03,5783.77,3053.31,8489.15,Histórico
2022-11-04,5505.11,2765.92,8058.6,Histórico
2022-11-05,5511.41,2561.38,7970.71,Histórico
2022-11-06,5609.71,2771.13,8110.39,Histórico
2022-11-07,5611.15,2709.93,8204.03,Histórico
2022-11-08,5619.71,3096.02,8342.84,Histórico
2022-11-09,5783.85,2859.89,8183.17,Histórico
2022-11-10,5737.56,3016.37,8495.98,Histórico
2022-11-11,5440.69,2891.24,8242.48,Histórico
2022-11-12,5430.12,2787.39,8193.36,Histórico
2022-11-13,5513.26,2819.3,8160.51,Histórico
2022-11-14,5501.58,2981.21,8144.12,Histórico
2022-11-15,5499.46,2813.81,8119.84,Histórico
2022-11-16,5655.69,2756.47,8406.04,Histórico
2022-11-17,5604.35,2904.77,8098.35,Histórico
2022-11-18,5305.43,2634.53,7934.79,Histórico
2022-11-19,5296.03,2707.21,8261.49,Histórico
2022-11-20,5383.44,2599.19,7964.94,Histórico
2022-11-21,5378.98,2863.23,8260.72,Histórico
2022-11-22,5386.83,2744.47,8092.46,Histórico
2022-11-23,5555.55,2900.6,8390.96,Histórico
2022-11-24,5518.73,2709.93,8177.77,Histórico
2022-11-25,5235.93,2536.08,7858.68,Histórico
2022-11-26,5243.96,2482.63,7946.35,Histórico
2022-11-27,5349.56,2645.99,8069.88,Histórico
2022-11-28,5363.44,2688.25,8059.78,Histórico
2022-11-29,5389.29,2716.89,8141.46,Histórico
2022-11-30,5575.22,2928.19,8324.17,Histórico
2022-12-01,5554.21,2894.61,8265.35,Histórico
2022-12-02,5285.37,2444.69,7911.38,Histórico
2022-12-03,5305.3,2783.33,7929.19,Histórico
2022-12-04,5420.38,2814.53,8168.27,Histórico
2022-12-05,5441.02,2855.92,8161.72,Histórico
2022-12-06,5470.81,2682.75,8151.85,Histórico
2022-12-07,5657.87,2862.71,8253.12,Histórico
2022-12-08,5635.12,3130.24,8151.96,Histórico
2022-12-09,5361.79,2687.02,7955.43,Histórico
2022-12-10,5374.92,2689.65,7967.68,Histórico
2022-12-11,5481.15,2805.7,8047.44,Histórico
2022-12-12,5491.23,3011.07,8007.28,Histórico
2022-12-13,5509.25,2925.88,8212.67,Histórico
2022-12-14,5683.9,2861.71,8101.71,Histórico
2022-12-15,5648.52,2900.09,8154.8,Histórico
2022-12-16,5362.89,2541.89,7899.89,Histórico
2022-12-17,5364.79,2613.53,8066.11,Histórico
2022-12-18,5461.31,2711.41,8111.94,Histórico
2022-12-19,5463.64,2652.22,8003.02,Histórico
2022-12-20,5476.35,2743.26,8136.64,Histórico
2022-12-21,5648.52,2929.0,8258.74,Histórico
2022-12-22,5613.62,2762.75,8250.26,Histórico
2022-12-23,5331.59,2653.77,7937.36,Histórico
2022-12-24,5340.45,2703.35,7870.8,Histórico
2022-12-25,5447.15,2833.67,8112.01,Histórico
2022-12-26,5462.66,2749.35,8138.72,Histórico
2022-12-27,5491.26,2533.23,8178.98,Histórico
2022-12-28,5681.69,3202.74,8454.23,Histórico
2022-12-29,5666.81,2983.45,8348.43,Histórico
2022-12-30,5405.94,2859.8,8044.46,Histórico
2022-12-31,5436.62,2894.42,8131.67,Histórico
2023-01-01,5565.04,3069.46,8344.85,Histórico
2023-01-02,5601.34,2998.54,8344.77,Histórico
2023-01-03,5649.09,2945.95,8361.79,Histórico
2023-01-04,5856.34,3308.9,8389.25,Histórico
2023-01-05,5855.12,3276.81,8497.98,Histórico
2023-01-06,5604.08,2788.89,8400.92,Histórico
2023-01-07,5640.41,3002.5,8283.99,Histórico
2023-01-08,5769.75,3097.24,8210.77,Histórico
2023-01-09,5801.84,2910.37,8377.42,Histórico
2023-01-10,5840.1,3180.81,8462.81,Histórico
2023-01-11,6032.57,3556.89,8713.2,Histórico
2023-01-12,6011.24,3541.18,8870.82,Histórico
2023-01-13,5735.03,3020.54,8211.16,Histórico
2023-01-14,5741.69,3436.78,8429.29,Histórico
2023-01-15,5837.38,3264.63,8653.36,Histórico
2023-01-16,5832.47,3155.01,8417.54,Histórico
2023-01-17,5831.24,3216.41,8481.01,Histórico
2023-01-18,5982.71,3499.55,8802.23,Histórico
2023-01-19,5919.75,3247.09,8492.99,Histórico
2023-01-20,5602.34,2879.28,8258.44,Histórico
2023-01-21,5569.52,2931.79,8196.69,Histórico
2023-01-22,5628.47,3005.78,8216.71,Histórico
2023-01-23,5590.57,3039.64,8212.18,Histórico
2023-01-24,5561.13,2976.31,8291.59,Histórico
2023-01-25,5690.14,2900.36,8531.41,Histórico
2023-01-26,5611.16,2928.93,8286.48,Histórico
2023-01-27,5284.79,2559.8,7856.97,Histórico
2023-01-28,5250.74,2642.22,7709.72,Histórico
2023-01-29,5316.45,2669.84,7933.56,Histórico
2023-01-30,5293.33,2530.92,7890.19,Histórico
2023-01-31,5286.64,2684.65,7991.81,Histórico
2023-02-01,5446.11,2549.49,8095.27,Histórico
2023-02-02,5404.66,2830.02,7989.05,Histórico
2023-02-03,5122.18,2441.34,7708.69,Histórico
2023-02-04,5137.68,2529.74,7637.46,Histórico
2023-02-05,5257.47,2421.75,7922.1,Histórico
2023-02-06,5291.69,2583.94,7985.21,Histórico
2023-02-07,5344.34,2465.12,7868.08,Histórico
2023-02-08,5563.81,3150.62,8439.61,Histórico
2023-02-09,5581.46,2892.16,8130.09,Histórico
2023-02-10,5355.7,2398.33,8110.74,Histórico
2023-02-11,5424.31,2869.32,8101.08,Histórico
2023-02-12,5592.17,3132.87,8188.13,Histórico
2023-02-13,5668.1,2978.74,8030.08,Histórico
2023-02-14,5755.0,3028.37,8507.98,Histórico
2023-02-15,6000.36,3467.4,8691.14,Histórico
2023-02-16,6034.62,3293.85,8527.71,Histórico
2023-02-17,5815.67,3133.85,8636.86,Histórico
2023-02-18,5881.11,3305.27,8507.13,Histórico
2023-02-19,6035.7,3626.77,8850.64,Histórico
2023-02-20,6088.38,3544.03,8981.38,Histórico
2023-02-21,6142.5,3582.52,8762.1,Histórico
2023-02-22,6346.27,3721.63,9125.42,Histórico
2023-02-23,6330.92,3554.66,8973.88,Histórico
2023-02-24,6055.42,3376.99,8802.79,Histórico
2023-02-25,6058.88,3497.4,8717.42,Histórico
2023-02-26,6147.4,3491.89,8861.98,Histórico
2023-02-27,6131.45,3424.06,8681.55,Histórico
2023-02-28,6116.06,3231.25,8796.45,Histórico
2023-03-01,6251.18,3722.44,8938.7,Histórico
2023-03-02,6169.6,3557.76,8941.45,Histórico
2023-03-03,5831.91,3093.58,8563.34,Histórico
2023-03-04,5778.95,3237.04,8337.03,Histórico
2023-03-05,5818.2,3276.15,8611.75,Histórico
2023-03-06,5761.3,2911.8,8283.44,Histórico
2023-03-07,5714.38,3085.96,8402.82,Histórico
2023-03-08,5828.29,2979.31,8448.54,Histórico
2023-03-09,5736.26,2970.18,8302.16,Histórico
2023-03-10,5399.18,2735.11,7901.3,Histórico
2023-03-11,5358.13,2836.35,8137.15,Histórico
2023-03-12,5420.26,2787.36,8069.15,Histórico
2023-03-13,5396.65,2803.65,8145.12,Histórico
2023-03-14,5392.67,2832.76,8197.51,Histórico
2023-03-15,5558.18,2772.63,8196.41,Histórico
2023-03-16,5525.04,2837.81,8082.11,Histórico
2023-03-17,5252.7,2656.74,7868.81,Histórico
2023-03-18,5280.78,2543.78,7883.66,Histórico
2023-03-19,5414.67,2571.53,8106.38,Histórico
2023-03-20,5463.57,2723.38,8108.08,Histórico
2023-03-21,5531.07,3048.67,8364.63,Histórico
2023-03-22,5765.25,3113.54,8296.1,Histórico
2023-03-23,5796.11,3218.68,8409.13,Histórico
2023-03-24,5581.41,2887.66,8331.38,Histórico
2023-03-25,5659.46,3176.31,8161.28,Histórico
2023-03-26,5834.25,3050.99,8471.85,Histórico
2023-03-27,5913.84,3301.44,8636.83,Histórico
2023-03-28,6000.96,3133.37,8839.95,Histórico
2023-03-29,6243.18,3582.21,8835.16,Histórico
2023-03-30,6270.05,3775.38,9051.8,Histórico
2023-03-31,6039.3,3299.28,8753.58,Histórico
2023-04-01,6089.7,3705.91,8682.81,Histórico
2023-04-02,6225.75,3403.94,8821.64,Histórico
2023-04-03,6256.26,3443.1,8879.85,Histórico
2023-04-04,6285.1,3687.77,8823.31,Histórico
2023-04-05,6461.18,3788.89,9065.53,Histórico
2023-04-06,6415.46,3748.68,9097.16,Histórico
2023-04-07,6107.31,3671.47,8750.39,Histórico
2023-04-08,6077.47,3291.7,8958.75,Histórico
2023-04-09,6132.22,3348.17,8892.54,Histórico
2023-04-10,6082.18,3306.29,8488.01,Histórico
2023-04-11,6033.15,3321.41,8652.28,Histórico
2023-04-12,6135.88,3562.93,8884.86,Histórico
2023-04-13,6022.89,3346.12,8535.8,Histórico
2023-04-14,5655.11,2972.87,8327.77,Histórico
2023-04-15,5574.83,2939.91,8359.14,Histórico
2023-04-16,5589.41,2869.76,8204.15,Histórico
2023-04-17,5510.33,2939.01,8063.69,Histórico
2023-04-18,5444.08,2803.0,7911.42,Histórico
2023-04-19,5541.83,2749.43,8286.49,Histórico
2023-04-20,5436.09,2705.24,8050.37,Histórico
2023-04-21,5087.58,2320.76,7781.16,Histórico
2023-04-22,5038.31,2494.33,7776.78,Histórico
2023-04-23,5094.88,2357.31,7911.37,Histórico
2023-04-24,5067.72,2326.08,7723.2,Histórico
2023-04-25,5062.19,2652.66,7743.09,Histórico
2023-04-26,5228.15,2723.28,7984.96,Histórico
2023-04-27,5196.46,2344.6,7911.2,Histórico
2023-04-28,4926.21,2354.27,7597.48,Histórico
2023-04-29,4957.89,2399.32,7617.54,Histórico
2023-04-30,5096.29,2417.06,7788.81,Histórico
2023-05-01,5150.06,2609.48,7989.66,Histórico
2023-05-02,5222.91,2599.25,7904.81,Histórico
2023-05-03,5463.17,2743.91,8223.72,Histórico
2023-05-04,5500.09,2871.02,8133.41,Histórico
2023-05-05,5291.44,2683.93,8033.52,Histórico
2023-05-06,5376.76,2675.89,8237.73,Histórico
2023-05-07,5559.83,3016.87,8182.77,Histórico
2023-05-08,5648.53,2681.0,8296.22,Histórico
2023-05-09,5746.12,3151.23,8576.91,Histórico
2023-05-10,6000.75,3324.85,8843.99,Histórico
2023-05-11,6041.52,3410.25,8792.95,Histórico
2023-05-12,5826.41,3008.78,8846.93,Histórico
2023-05-13,5895.58,3247.22,8504.72,Histórico
2023-05-14,6053.38,3312.22,8655.84,Histórico
2023-05-15,6108.46,3341.68,8910.3,Histórico
2023-05-16,6165.05,3545.21,8662.71,Histórico
2023-05-17,6372.46,3691.0,9199.9,Histórico
2023-05-18,6360.87,3794.87,9249.88,Histórico
2023-05-19,6089.49,3542.39,8832.63,Histórico
2023-05-20,6099.93,3237.44,8667.61,Histórico
2023-05-21,6197.78,3542.29,8792.0,Histórico
2023-05-22,6192.85,3301.3,8580.22,Histórico
2023-05-23,6190.64,3604.54,9002.78,Histórico
2023-05-24,6341.58,3449.78,8953.21,Histórico
2023-05-25,6276.75,3699.46,8840.13,Histórico
2023-05-26,5956.19,3315.45,8518.78,Histórico
2023-05-27,5922.45,3174.23,8713.23,Histórico
2023-05-28,5981.62,3169.96,8700.01,Histórico
2023-05-29,5943.88,3336.22,8419.01,Histórico
2023-05-30,5914.99,3220.72,8523.43,Histórico
2023-05-31,6045.57,3335.58,8539.31,Histórico
2023-06-01,5966.51,3256.17,8434.57,Histórico
2023-06-02,5637.67,2912.46,8062.62,Histórico
2023-06-03,5601.46,2948.0,8329.41,Histórico
2023-06-04,5663.49,3040.92,8332.59,Histórico
2023-06-05,5633.37,2825.1,8258.72,Histórico
2023-06-06,5616.34,2707.59,8321.55,Histórico
2023-06-07,5762.42,3162.05,8561.2,Histórico
2023-06-08,5701.75,3023.11,8324.9,Histórico
2023-06-09,5393.5,2611.49,7939.22,Histórico
2023-06-10,5379.65,2759.99,8049.13,Histórico
2023-06-11,5465.09,2958.94,8098.33,Histórico
2023-06-12,5458.83,2905.59,8056.4,Histórico
2023-06-13,5465.66,2978.37,8188.98,Histórico
2023-06-14,5635.21,2939.05,8277.27,Histórico
2023-06-15,5597.15,2957.91,8139.33,Histórico
2023-06-16,5310.38,2565.81,7877.63,Histórico
2023-06-17,5316.84,2788.94,7857.46,Histórico
2023-06-18,5421.31,2809.04,8021.71,Histórico
2023-06-19,5432.67,2707.13,7942.32,Histórico
2023-06-20,5455.77,3001.5,8417.63,Histórico
2023-06-21,5640.39,2984.8,8358.1,Histórico
2023-06-22,5616.23,2669.08,8420.0,Histórico
2023-06-23,5342.36,2653.41,8177.91,Histórico
2023-06-24,5361.08,2701.08,8006.01,Histórico
2023-06-25,5477.3,2614.29,7906.18,Histórico
2023-06-26,5500.05,2613.76,8106.41,Histórico
2023-06-27,5534.39,2845.39,8230.42,Histórico
2023-06-28,5730.29,3026.51,8492.37,Histórico
2023-06-29,5717.43,2959.01,8399.93,Histórico
2023-06-30,5454.94,2583.42,8249.98,Histórico
2023-07-01,5485.25,2938.53,8150.08,Histórico
2023-07-02,5613.18,3077.74,8048.95,Histórico
2023-07-03,5647.59,3082.89,8393.18,Histórico
2023-07-04,5693.36,2956.46,8361.0,Histórico
2023-07-05,5900.32,3200.7,8423.64,Histórico
2023-07-06,5897.75,3150.55,8691.38,Histórico
2023-07-07,5644.46,2785.89,8124.49,Histórico
2023-07-08,5682.73,3079.53,8333.18,Histórico
2023-07-09,5816.97,3159.16,8510.49,Histórico
2023-07-10,5855.63,3418.72,8629.99,Histórico
2023-07-11,5903.33,3177.73,8287.96,Histórico
2023-07-12,6109.61,3494.52,8831.9,Histórico
2023-07-13,6103.42,3178.0,8986.25,Histórico
2023-07-14,5843.35,3193.13,8656.16,Histórico
2023-07-15,5871.71,3044.81,8677.86,Histórico
2023-07-16,5992.79,3492.39,8839.17,Histórico
2023-07-17,6015.02,3241.86,8749.47,Histórico
2023-07-18,6043.18,3254.99,8765.63,Histórico
2023-07-19,6227.04,3533.05,9012.28,Histórico
2023-07-20,6195.75,3628.55,8885.33,Histórico
2023-07-21,5908.25,3002.88,8765.36,Histórico
2023-07-22,5907.48,3275.29,8479.19,Histórico
2023-07-23,5998.2,3375.87,8552.3,Histórico
2023-07-24,5989.37,3504.29,8597.71,Histórico
2023-07-25,5986.41,3123.97,8725.7,Histórico
2023-07-26,6139.83,3362.09,8887.04,Histórico
2023-07-27,6079.3,3452.95,8880.18,Histórico
2023-07-28,5764.44,2986.47,8554.46,Histórico
2023-07-29,5739.0,3045.73,8266.24,Histórico
2023-07-30,5808.26,3167.41,8508.67,Histórico
2023-07-31,5781.69,3071.86,8244.68,Histórico
2023-08-01,5765.2,3142.02,8579.29,Histórico
2023-08-02,5909.73,3480.01,8482.64,Histórico
2023-08-03,5845.14,3036.59,8507.75,Histórico
2023-08-04,5531.19,3047.19,8087.33,Histórico
2023-08-05,5511.86,2954.48,8203.04,Histórico
2023-08-06,5592.33,2896.56,8321.26,Histórico
2023-08-07,5581.81,2984.8,8397.87,Histórico
2023-08-08,5585.96,3044.28,8299.47,Histórico
2023-08-09,5755.37,3230.12,8517.15,Histórico
2023-08-10,5719.26,3030.17,8352.0,Histórico
2023-08-11,5436.81,2801.89,8101.34,Histórico
2023-08-12,5451.47,2940.2,8109.23,Histórico
2023-08-13,5567.62,2858.66,8308.66,Histórico
2023-08-14,5593.67,3051.56,8216.35,Histórico
2023-08-15,5634.49,3082.96,8383.12,Histórico
2023-08-16,5839.91,3085.79,8375.38,Histórico
2023-08-17,5838.26,3239.77,8513.09,Histórico
2023-08-18,5587.97,3110.15,8229.38,Histórico
2023-08-19,5631.93,3028.6,8177.65,Histórico
2023-08-20,5773.86,3069.67,8368.14,Histórico
2023-08-21,5821.55,3086.18,8594.2,Histórico
2023-08-22,5879.47,3280.66,8594.32,Histórico
2023-08-23,6097.17,3363.87,8784.44,Histórico
2023-08-24,6102.64,3237.86,8629.84,Histórico
2023-08-25,5854.18,3232.6,8447.2,Histórico
2023-08-26,5894.89,3229.82,8457.14,Histórico
2023-08-27,6028.55,3299.57,8634.58,Histórico
2023-08-28,6063.16,3295.04,8703.83,Histórico
2023-08-29,6103.56,3497.1,8691.55,Histórico
2023-08-30,6299.78,3563.51,8762.87,Histórico
2023-08-31,6280.25,3678.11,8930.14,Histórico
2023-09-01,6003.84,3361.67,8526.87,Histórico
2023-09-02,6014.45,3403.07,8919.98,Histórico
2023-09-03,6116.48,3403.25,8834.98,Histórico
2023-09-04,6118.53,3366.95,8737.92,Histórico
2023-09-05,6126.19,3741.63,8770.67,Histórico
2023-09-06,6290.17,3670.87,9057.18,Histórico
2023-09-07,6239.43,3565.39,8588.9,Histórico
2023-09-08,5933.39,3271.88,8573.3,Histórico
2023-09-09,5916.6,3224.7,8539.03,Histórico
2023-09-10,5993.86,3150.25,8715.6,Histórico
2023-09-11,5974.04,3308.42,8804.02,Histórico
2023-09-12,5963.03,3228.77,8672.03,Histórico
2023-09-13,6111.76,3219.39,8708.99,Histórico
2023-09-14,6049.12,3428.61,8760.18,Histórico
2023-09-15,5734.52,2787.26,8428.25,Histórico
2023-09-16,5712.59,3038.29,8491.47,Histórico
2023-09-17,5787.87,3123.79,8324.37,Histórico
2023-09-18,5768.95,3187.34,8420.01,Histórico
2023-09-19,5761.43,3151.37,8533.82,Histórico
2023-09-20,5915.94,3228.8,8413.72,Histórico
2023-09-21,5860.9,3289.3,8642.87,Histórico
2023-09-22,5555.31,2936.23,8087.06,Histórico
2023-09-23,5543.57,3091.24,8085.37,Histórico
2023-09-24,5629.75,2883.18,8089.86,Histórico
2023-09-25,5622.05,2824.21,8145.72,Histórico
2023-09-26,5625.75,2954.71,8492.52,Histórico
2023-09-27,5791.24,3137.01,8614.88,Histórico
2023-09-28,5746.59,3141.11,8410.71,Histórico
2023-09-29,5450.61,2812.06,7988.06,Histórico
2023-09-30,5447.71,2870.79,8199.86,Histórico
2023-10-01,5541.86,2826.09,8178.16,Histórico
2023-10-02,5541.17,2857.5,8237.27,Histórico
2023-10-03,5551.03,2705.75,8082.38,Histórico
2023-10-04,5721.94,3283.4,8514.71,Histórico
2023-10-05,5682.02,2980.92,8290.48,Histórico
2023-10-06,5390.22,2759.72,8083.73,Histórico
2023-10-07,5391.32,2760.36,7873.47,Histórico
2023-10-08,5489.45,2778.14,7967.92,Histórico
2023-10-09,5492.88,2566.75,8106.84,Histórico
2023-10-10,5507.21,2886.58,8235.27,Histórico
2023-10-11,5683.21,2828.57,8202.51,Histórico
2023-10-12,5649.01,3017.89,8102.71,Histórico
2023-10-13,5363.71,2932.39,7827.67,Histórico
2023-10-14,5372.31,2694.04,7974.47,Histórico
2023-10-15,5478.9,2827.08,7966.06,Histórico
2023-10-16,5491.68,2961.09,7999.55,Histórico
2023-10-17,5516.22,2829.1,8317.66,Histórico
2023-10-18,5703.17,3157.16,8217.25,Histórico
2023-10-19,5680.41,2918.56,8275.34,Histórico
2023-10-20,5406.76,2623.03,8272.67,Histórico
2023-10-21,5427.13,2611.85,8148.24,Histórico
2023-10-22,5545.26,2960.19,8193.06,Histórico
2023-10-23,5568.98,2745.84,8177.44,Histórico
2023-10-24,5603.53,2855.27,8336.85,Histórico
2023-10-25,5799.31,3162.08,8471.83,Histórico
2023-10-26,5783.76,3145.21,8569.34,Histórico
2023-10-27,5515.4,2830.93,8154.85,Histórico
2023-10-28,5539.05,2821.21,8203.65,Histórico
2023-10-29,5658.19,2993.53,8453.42,Histórico
2023-10-30,5680.42,2897.11,8185.87,Histórico
2023-10-31,5710.95,2977.16,8395.28,Histórico
2023-11-01,5900.19,3385.82,8736.87,Histórico
2023-11-02,5875.53,3280.05,8404.4,Histórico
2023-11-03,5595.6,3169.87,8259.9,Histórico
2023-11-04,5605.58,3134.22,8071.61,Histórico
2023-11-05,5709.15,3123.36,8285.37,Histórico
2023-11-06,5714.2,3027.26,8405.77,Histórico
2023-11-07,5726.35,2883.89,8449.74,Histórico
2023-11-08,5896.48,3267.31,8621.11,Histórico
2023-11-09,5852.32,3147.55,8419.81,Histórico
2023-11-10,5553.0,2736.94,8223.88,Histórico
2023-11-11,5544.33,2863.73,8046.83,Histórico
2023-11-12,5630.42,3055.97,8372.75,Histórico
2023-11-13,5619.55,2784.54,8360.69,Histórico
2023-11-14,5617.8,3061.24,8317.87,Histórico
2023-11-15,5776.46,3031.25,8539.14,Histórico
2023-11-16,5723.48,2944.06,8408.39,Histórico
2023-11-17,5418.19,2872.59,8101.86,Histórico
2023-11-18,5406.74,2826.69,8027.25,Histórico
2023-11-19,5493.25,2703.3,8048.02,Histórico
2023-11-20,5485.93,2974.26,8178.8,Histórico
2023-11-21,5490.78,2912.93,8316.14,Histórico
2023-11-22,5658.96,2965.96,8342.24,Histórico
2023-11-23,5618.01,2888.73,8379.57,Histórico
2023-11-24,5326.92,2534.28,7940.47,Histórico
2023-11-25,5331.58,2643.16,8039.66,Histórico
2023-11-26,5435.58,2687.51,7928.95,Histórico
2023-11-27,5446.58,2683.59,8143.03,Histórico
2023-11-28,5470.09,2701.79,8264.32,Histórico
2023-11-29,5656.75,3150.1,8474.35,Histórico
2023-11-30,5633.5,3045.96,8378.01,Histórico
2023-12-01,5358.79,2762.72,8103.25,Histórico
2023-12-02,5378.22,2730.39,7941.42,Histórico
2023-12-03,5494.93,2878.8,8092.03,Histórico
2023-12-04,5516.19,2853.96,8162.98,Histórico
2023-12-05,5547.26,3067.82,8061.71,Histórico
2023-12-06,5738.71,2910.07,8390.71,Histórico
2023-12-07,5717.26,2966.72,8433.78,Histórico
2023-12-08,5441.41,2698.22,8331.22,Histórico
2023-12-09,5457.03,2956.48,7988.98,Histórico
2023-12-10,5567.44,3045.01,8225.41,Histórico
2023-12-11,5580.16,2898.13,8436.21,Histórico
2023-12-12,5600.88,3166.0,8266.07,Histórico
2023-12-13,5780.67,3038.45,8599.11,Histórico
2023-12-14,5746.66,3013.55,8502.12,Histórico
2023-12-15,5457.87,2732.49,8133.25,Histórico
2023-12-16,5460.94,2874.98,8051.84,Histórico
2023-12-17,5559.65,3043.04,8299.24,Histórico
2023-12-18,5562.04,2932.56,8360.17,Histórico
2023-12-19,5574.35,2972.48,8272.89,Histórico
2023-12-20,5748.13,3071.28,8363.59,Histórico
2023-12-21,5710.78,2996.17,8418.19,Histórico
2023-12-22,5421.62,2715.05,8103.06,Histórico
2023-12-23,5427.62,2806.63,8086.12,Histórico
2023-12-24,5532.62,2981.12,8070.91,Histórico
2023-12-25,5544.53,2774.32,8068.98,Histórico
2023-12-26,5569.48,2918.94,8159.35,Histórico
2023-12-27,5758.8,3053.88,8365.87,Histórico
2023-12-28,5739.42,3041.08,8445.64,Histórico
2023-12-29,5470.12,2836.41,8284.46,Histórico
2023-12-30,5497.48,2877.71,7992.22,Histórico
2023-12-31,5624.61,2815.21,8518.16,Histórico
2024-01-01,5658.66,3060.91,8313.24,Histórico
2024-01-02,5705.05,3012.57,8540.84,Histórico
2024-01-03,5914.38,3259.25,8584.05,Histórico
2024-01-04,5912.69,3224.77,8711.8,Histórico
2024-01-05,5658.05,2904.77,8440.92,Histórico
2024-01-06,5696.51,3184.02,8389.53,Histórico
2024-01-07,5830.54,2966.31,8576.83,Histórico
2024-01-08,5866.74,3062.12,8553.93,Histórico
2024-01-09,5910.17,3331.72,8509.02,Histórico
2024-01-10,6111.25,3600.16,8805.02,Histórico
2024-01-11,6095.81,3366.5,8663.59,Histórico
2024-01-12,5821.98,3065.13,8534.24,Histórico
2024-01-13,5836.18,3168.74,8483.93,Histórico
2024-01-14,5941.2,3232.37,8537.55,Histórico
2024-01-15,5944.12,3186.0,8617.85,Histórico
2024-01-16,5950.72,3250.92,8665.8,Histórico
2024-01-17,6112.25,3540.63,8663.21,Histórico
2024-01-18,6055.38,3235.37,8778.95,Histórico
2024-01-19,5739.2,3193.93,8454.13,Histórico
2024-01-20,5711.39,3025.22,8396.74,Histórico
2024-01-21,5775.8,3110.95,8693.52,Histórico
2024-01-22,5740.55,3129.78,8379.25,Histórico
2024-01-23,5712.56,3290.62,8340.77,Histórico
2024-01-24,5844.16,3018.95,8423.14,Histórico
2024-01-25,5762.87,3110.08,8499.55,Histórico
2024-01-26,5428.61,2757.76,8266.61,Histórico
2024-01-27,5389.93,2741.08,8044.92,Histórico
2024-01-28,5451.14,2843.76,8246.11,Histórico
2024-01-29,5420.7,2691.83,8129.49,Histórico
2024-01-30,5405.69,2775.24,8055.85,Histórico
2024-01-31,5558.46,2922.95,8498.65,Histórico
2024-02-01,5506.15,3013.72,8254.24,Histórico
2024-02-02,5208.22,2623.03,7942.46,Histórico
2024-02-03,5212.69,2642.75,7860.62,Histórico
2024-02-04,5322.97,2418.79,7993.02,Histórico
2024-02-05,5346.42,2406.73,7936.34,Histórico
2024-02-06,5388.98,2700.19,8030.38,Histórico
2024-02-07,5601.73,2967.57,8281.12,Histórico
2024-02-08,5610.3,2759.24,8270.9,Histórico
2024-02-09,5372.7,2817.53,8045.98,Histórico
2024-02-10,5435.63,2841.72,8075.32,Histórico
2024-02-11,5600.99,3062.55,8405.54,Histórico
2024-02-12,5674.67,3087.97,8482.25,Histórico
2024-02-13,5761.34,2847.47,8336.79,Histórico
2024-02-14,6010.93,3408.63,8721.69,Histórico
2024-02-15,6047.96,3437.74,8758.86,Histórico
2024-02-16,5829.57,3217.93,8394.73,Histórico
2024-02-17,5902.02,3126.33,8756.86,Histórico
2024-02-18,6066.75,3328.69,8624.85,Histórico
2024-02-19,6129.48,3492.25,8822.82,Histórico
2024-02-20,6195.01,3470.22,8708.23,Histórico
2024-02-21,6413.7,3609.15,9163.12,Histórico
2024-02-22,6410.56,3601.77,9222.21,Histórico
2024-02-23,6143.6,3434.26,8867.34,Histórico
2024-02-24,6160.31,3498.45,8783.09,Histórico
2024-02-25,6263.35,3658.32,8942.01,Histórico
2024-02-26,6259.81,3529.55,8921.02,Histórico
2024-02-27,6256.09,3592.41,8781.33,Histórico
2024-02-28,6404.26,3670.87,9047.35,Histórico
2024-02-29,6330.92,3704.13,9032.61,Histórico
2024-03-01,5995.8,3415.84,8533.57,Histórico
2024-03-02,5948.21,3461.87,8740.52,Histórico
2024-03-03,5992.38,3631.44,8838.68,Histórico
2024-03-04,5936.8,3271.43,8773.83,Histórico
2024-03-05,5889.24,3273.42,8710.43,Histórico
2024-03-06,6002.94,3310.95,8714.65,Histórico
2024-03-07,5905.32,3176.73,8538.66,Histórico
2024-03-08,5556.71,2971.36,8462.58,Histórico
2024-03-09,5507.01,2634.56,8192.14,Histórico
2024-03-10,5560.47,3023.22,8284.17,Histórico
2024-03-11,5525.38,3015.97,8129.87,Histórico
2024-03-12,5509.06,2982.28,8231.53,Histórico
2024-03-13,5664.08,2931.49,8147.67,Histórico
2024-03-14,5616.75,2623.18,8213.66,Histórico
2024-03-15,5326.18,2680.18,7981.42,Histórico
2024-03-16,5340.99,2900.56,8340.21,Histórico
2024-03-17,5463.79,3003.98,8302.06,Histórico
2024-03-18,5501.09,2868.44,8249.0,Histórico
2024-03-19,5558.43,3015.47,8365.63,Histórico
2024-03-20,5786.55,3302.13,8390.53,Histórico
2024-03-21,5809.82,3106.73,8505.33,Histórico
2024-03-22,5585.52,2941.84,8259.85,Histórico
2024-03-23,5660.73,3140.08,8275.51,Histórico
2024-03-24,5836.44,3024.5,8592.41,Histórico
2024-03-25,5917.68,3359.73,8558.64,Histórico
2024-03-26,6008.87,3384.09,8539.66,Histórico
2024-03-27,6259.85,3517.92,9003.79,Histórico
2024-03-28,6294.2,3675.68,9058.42,Histórico
2024-03-29,6068.82,3351.43,8568.44,Histórico
2024-03-30,6130.85,3528.41,8818.63,Histórico
2024-03-31,6281.42,3673.27,8966.71,Histórico
2024-04-01,6326.02,3610.38,8878.8,Histórico
2024-04-02,6369.87,3501.67,9080.93,Histórico
2024-04-03,6563.91,4061.29,9216.33,Histórico
2024-04-04,6532.87,3668.03,9454.29,Histórico
2024-04-05,6235.13,3572.98,9009.92,Histórico
2024-04-06,6219.66,3580.81,8914.07,Histórico
2024-04-07,6289.31,3600.13,8872.49,Histórico
2024-04-08,6251.37,3496.01,8954.04,Histórico
2024-04-09,6213.03,3658.2,8983.79,Histórico
2024-04-10,6327.15,3874.99,9043.23,Histórico
2024-04-11,6220.22,3654.48,8740.53,Histórico
2024-04-12,5852.37,3289.35,8528.58,Histórico
2024-04-13,5774.32,3152.07,8526.24,Histórico
2024-04-14,5790.33,3060.28,8311.85,Histórico
2024-04-15,5708.87,2977.8,8507.49,Histórico
2024-04-16,5638.12,2799.29,8168.09,Histórico
2024-04-17,5731.75,2987.93,8257.4,Histórico
2024-04-18,5616.59,2852.06,8187.24,Histórico
2024-04-19,5252.92,2623.13,7859.3,Histórico
2024-04-20,5191.51,2464.32,7657.03,Histórico
2024-04-21,5236.17,2554.16,7849.6,Histórico
2024-04-22,5194.63,2556.84,7750.76,Histórico
2024-04-23,5174.21,2660.75,7939.37,Histórico
2024-04-24,5327.46,2699.12,7951.59,Histórico
2024-04-25,5279.76,2709.59,7921.34,Histórico
2024-04-26,4989.89,2391.53,7826.81,Histórico
2024-04-27,5007.15,2376.55,7826.32,Histórico
2024-04-28,5133.57,2426.64,7866.46,Histórico
2024-04-29,5175.07,2326.34,7784.66,Histórico
2024-04-30,5237.25,2739.94,8019.08,Histórico
2024-05-01,5470.96,2730.02,8341.72,Histórico
2024-05-02,5499.86,2818.64,8114.13,Histórico
2024-05-03,5281.16,2810.33,7830.93,Histórico
2024-05-04,5362.97,2893.35,7940.0,Histórico
2024-05-05,5546.03,2842.01,8361.48,Histórico
2024-05-06,5635.23,2950.88,8287.57,Histórico
2024-05-07,5735.4,2940.34,8315.54,Histórico
2024-05-08,5996.91,3304.0,8566.91,Histórico
2024-05-09,6042.98,3405.2,9026.62,Histórico
2024-05-10,5830.75,3205.01,8604.86,Histórico
2024-05-11,5908.65,3160.19,8605.77,Histórico
2024-05-12,6077.76,3386.74,8904.4,Histórico
2024-05-13,6143.52,3523.53,8832.22,Histórico
2024-05-14,6211.55,3319.2,8961.34,Histórico
2024-05-15,6433.24,3770.29,9107.9,Histórico
2024-05-16,6432.76,3967.71,9081.75,Histórico
2024-05-17,6168.45,3456.95,8506.56,Histórico
2024-05-18,6190.13,3458.81,8764.64,Histórico
2024-05-19,6300.15,3772.84,8926.33,Histórico
2024-05-20,6305.17,3620.0,9020.44,Histórico
2024-05-21,6312.16,3676.79,9141.66,Histórico
2024-05-22,6473.76,3723.94,9301.32,Histórico
2024-05-23,6415.18,3700.6,9077.08,Histórico
2024-05-24,6095.79,3244.7,8547.34,Histórico
2024-05-25,6066.51,3355.31,8782.17,Histórico
2024-05-26,6130.38,3236.31,8530.97,Histórico
2024-05-27,6094.66,3187.42,8879.72,Histórico
2024-05-28,6066.79,3395.67,8796.28,Histórico
2024-05-29,6199.77,3589.2,8919.15,Histórico
2024-05-30,6118.86,3671.95,8893.51,Histórico
2024-05-31,5783.39,3218.23,8451.5,Histórico
2024-06-01,5744.29,2973.75,8401.21,Histórico
2024-06-02,5804.27,3197.45,8406.1,Histórico
2024-06-03,5770.12,2892.47,8312.74,Histórico
2024-06-04,5748.84,2974.23,8286.94,Histórico
2024-06-05,5892.89,3007.35,8726.73,Histórico
2024-06-06,5826.8,3113.73,8293.48,Histórico
2024-06-07,5509.25,2833.22,8096.31,Histórico
2024-06-08,5490.65,2980.34,8012.42,Histórico
2024-06-09,5573.0,2920.8,8448.36,Histórico
2024-06-10,5562.42,3091.92,8281.52,Histórico
2024-06-11,5565.33,2806.59,8198.76,Histórico
2024-06-12,5733.74,2856.21,8401.16,Histórico
2024-06-13,5691.6,2941.92,8267.62,Histórico
2024-06-14,5397.2,2828.06,7943.43,Histórico
2024-06-15,5400.81,2692.62,7933.72,Histórico
2024-06-16,5504.19,2878.14,8138.28,Histórico
2024-06-17,5513.25,2978.25,8195.86,Histórico
2024-06-18,5534.4,2704.89,8317.5,Histórico
2024-06-19,5719.72,3084.52,8412.4,Histórico
2024-06-20,5693.12,2949.88,8220.67,Histórico
2024-06-21,5413.03,2767.82,8178.23,Histórico
2024-06-22,5430.05,2690.31,8126.22,Histórico
2024-06-23,5546.07,2760.11,8208.23,Histórico
2024-06-24,5567.15,2924.65,8410.56,Histórico
2024-06-25,5599.94,2926.95,8257.18,Histórico
2024-06-26,5796.74,3031.92,8624.08,Histórico
2024-06-27,5781.52,3251.77,8442.3,Histórico
2024-06-28,5512.8,2846.86,8338.01,Histórico
2024-06-29,5541.42,2775.68,8404.81,Histórico
2024-06-30,5669.21,3042.12,8296.22,Histórico
2024-07-01,5702.14,3111.48,8349.56,Histórico
2024-07-02,5746.79,3100.02,8391.98,Histórico
2024-07-03,5955.33,3145.47,8680.72,Histórico
2024-07-04,5951.41,3236.75,8555.23,Histórico
2024-07-05,5693.27,2980.89,8248.93,Histórico
2024-07-06,5731.61,3160.47,8667.99,Histórico
2024-07-07,5867.88,3120.53,8538.77,Histórico
2024-07-08,5907.64,3430.13,8558.86,Histórico
2024-07-09,5957.16,3307.0,8567.44,Histórico
2024-07-10,6168.32,3778.99,8937.82,Histórico
2024-07-11,6164.35,3593.1,8847.03,Histórico
2024-07-12,5903.21,3204.49,8446.51,Histórico
2024-07-13,5935.55,3421.89,8749.61,Histórico
2024-07-14,6062.61,3483.5,8890.79,Histórico
2024-07-15,6089.81,3670.1,8902.35,Histórico
2024-07-16,6123.47,3479.73,8704.87,Histórico
2024-07-17,6315.61,3657.55,9085.5,Histórico
2024-07-18,6289.53,3446.94,9081.14,Histórico
2024-07-19,6003.45,3109.03,8526.52,Histórico
2024-07-20,6008.56,3260.35,8717.23,Histórico
2024-07-21,6106.47,3531.84,8714.25,Histórico
2024-07-22,6103.08,3577.75,8773.18,Histórico
2024-07-23,6105.31,3309.37,8816.94,Histórico
2024-07-24,6265.85,3637.73,8879.47,Histórico
2024-07-25,6208.57,3647.71,8777.98,Histórico
2024-07-26,5892.35,3091.48,8595.78,Histórico
2024-07-27,5869.21,3172.78,8483.08,Histórico
2024-07-28,5941.38,3327.81,8590.75,Histórico
2024-07-29,5915.31,3157.99,8607.94,Histórico
2024-07-30,5898.53,3365.21,8669.03,Histórico
2024-07-31,6044.27,3378.1,8770.54,Histórico
2024-08-01,5976.7,3222.43,8722.49,Histórico
2024-08-02,5655.01,3234.81,8425.83,Histórico
2024-08-03,5631.59,2950.7,8171.03,Histórico
2024-08-04,5708.7,2976.18,8351.62,Histórico
2024-08-05,5692.7,2996.43,8262.97,Histórico
2024-08-06,5691.01,2997.83,8449.73,Histórico
2024-08-07,5856.63,2906.3,8585.11,Histórico
2024-08-08,5813.24,3112.8,8602.15,Histórico
2024-08-09,5519.53,2961.96,8259.61,Histórico
2024-08-10,5527.46,2737.6,8120.77,Histórico
2024-08-11,5638.56,2945.68,8451.98,Histórico
2024-08-12,5658.43,2803.85,8322.75,Histórico
2024-08-13,5693.71,3237.27,8386.31,Histórico
2024-08-14,5896.66,3349.74,8754.71,Histórico
2024-08-15,5890.03,3342.66,8495.8,Histórico
2024-08-16,5631.69,3037.72,8267.87,Histórico
2024-08-17,5672.99,3103.75,8223.94,Histórico
2024-08-18,5814.69,3132.57,8412.34,Histórico
2024-08-19,5861.66,3297.03,8482.98,Histórico
2024-08-20,5920.01,3241.94,8722.87,Histórico
2024-08-21,6141.57,3423.02,8717.05,Histórico
2024-08-22,6148.6,3589.66,8725.89,Histórico
2024-08-23,5898.72,3179.15,8595.67,Histórico
2024-08-24,5943.3,3141.63,8657.52,Histórico
2024-08-25,6083.03,3276.7,8788.89,Histórico
2024-08-26,6122.83,3501.2,8758.68,Histórico
2024-08-27,6169.09,3409.5,9055.79,Histórico
2024-08-28,6373.99,3573.05,8928.43,Histórico
2024-08-29,6360.12,3564.8,8877.73,Histórico
2024-08-30,6085.6,3382.16,8581.55,Histórico
2024-08-31,6102.56,3157.04,8719.37,Histórico
2024-09-01,6212.25,3575.38,9037.57,Histórico
2024-09-02,6220.24,3557.88,9034.14,Histórico
2024-09-03,6233.6,3588.0,9110.12,Histórico
2024-09-04,6405.29,3777.92,9222.19,Histórico
2024-09-05,6358.45,3581.18,9277.17,Histórico
2024-09-06,6051.83,3146.46,8693.94,Histórico
2024-09-07,6038.3,3370.63,8724.32,Histórico
2024-09-08,6119.62,3410.91,8981.84,Histórico
2024-09-09,6101.73,3437.16,8742.48,Histórico
2024-09-10,6092.12,3628.27,8897.4,Histórico
2024-09-11,6244.06,3719.34,8914.18,Histórico
2024-09-12,6180.8,3510.95,8873.94,Histórico
2024-09-13,5861.16,3225.71,8400.55,Histórico
2024-09-14,5838.18,3069.74,8486.55,Histórico
2024-09-15,5913.47,3353.96,8550.32,Histórico
2024-09-16,5892.76,3262.4,8645.02,Histórico
2024-09-17,5883.36,3338.88,8628.03,Histórico
2024-09-18,6038.26,3422.11,8769.29,Histórico
2024-09-19,5980.27,3276.12,8485.16,Histórico
2024-09-20,5667.84,3058.3,8284.72,Histórico
2024-09-21,5653.76,2896.93,8298.12,Histórico
2024-09-22,5739.18,3184.21,8513.38,Histórico
2024-09-23,5729.38,3178.96,8599.15,Histórico
2024-09-24,5731.31,3028.15,8320.6,Histórico
2024-09-25,5897.69,3385.61,8607.78,Histórico
2024-09-26,5850.89,3235.96,8539.7,Histórico
2024-09-27,5549.08,2853.42,7964.73,Histórico
2024-09-28,5545.03,2928.09,8188.78,Histórico
2024-09-29,5639.69,2939.35,8471.6,Histórico
2024-09-30,5638.18,2997.89,8357.05,Histórico
2024-10-01,5647.47,3280.03,8491.1,Histórico
2024-10-02,5820.36,3099.38,8391.67,Histórico
2024-10-03,5779.19,3074.93,8515.24,Histórico
2024-10-04,5482.25,2912.05,8218.36,Histórico
2024-10-05,5482.64,2737.6,8202.52,Histórico
2024-10-06,5581.44,2942.43,8125.89,Histórico
2024-10-07,5583.94,2805.28,8299.2,Histórico
2024-10-08,5597.35,3140.59,8194.18,Histórico
2024-10-09,5774.72,3052.25,8617.54,Histórico
2024-10-10,5738.48,3142.13,8174.4,Histórico
2024-10-11,5447.1,2730.66,8132.17,Histórico
2024-10-12,5453.94,2655.73,8289.24,Histórico
2024-10-13,5560.14,2604.29,8182.9,Histórico
2024-10-14,5570.97,3066.74,8222.51,Histórico
2024-10-15,5593.65,2873.6,8039.67,Histórico
2024-10-16,5781.23,3046.17,8610.06,Histórico
2024-10-17,5755.89,3009.21,8403.83,Histórico
2024-10-18,5475.92,2672.98,8219.01,Histórico
2024-10-19,5494.64,3060.8,8216.08,Histórico
2024-10-20,5612.84,2919.47,8277.94,Histórico
2024-10-21,5635.45,2906.72,8226.34,Histórico
2024-10-22,5669.42,3095.33,8134.97,Histórico
2024-10-23,5867.48,3071.45,8457.89,Histórico
2024-10-24,5851.39,3173.93,8363.33,Histórico
2024-10-25,5579.08,2859.42,8370.83,Histórico
2024-10-26,5603.76,2950.44,8187.75,Histórico
2024-10-27,5725.87,3025.39,8269.46,Histórico
2024-10-28,5750.08,3059.77,8297.94,Histórico
2024-10-29,5783.17,3173.86,8440.52,Histórico
2024-10-30,5977.84,3185.56,8719.67,Histórico
2024-10-31,5955.7,3315.22,8883.05,Histórico
2024-11-01,5674.7,2685.51,8182.62,Histórico
2024-11-02,5688.3,2984.5,8251.8,Histórico
2024-11-03,5797.09,3317.69,8589.35,Histórico
2024-11-04,5805.92,3104.78,8615.12,Histórico
2024-11-05,5821.95,3233.91,8592.4,Histórico
2024-11-06,5998.26,3539.15,8474.5,Histórico
2024-11-07,5956.81,3294.23,8600.31,Histórico
2024-11-08,5655.98,3084.84,8423.26,Histórico
2024-11-09,5649.88,3030.56,8430.53,Histórico
2024-11-10,5739.55,3034.24,8330.24,Histórico
2024-11-11,5730.26,3210.55,8446.44,Histórico
2024-11-12,5729.68,3100.39,8513.47,Histórico
2024-11-13,5891.38,3242.25,8546.17,Histórico
2024-11-14,5837.59,3268.74,8496.89,Histórico
2024-11-15,5527.01,2852.17,8221.58,Histórico
2024-11-16,5514.18,2719.26,8187.39,Histórico
2024-11-17,5600.26,2983.17,8131.69,Histórico
2024-11-18,5590.57,2833.53,8389.98,Histórico
2024-11-19,5592.8,2852.59,8317.85,Histórico
2024-11-20,5760.49,3304.84,8481.85,Histórico
2024-11-21,5715.58,3123.57,8435.08,Histórico
2024-11-22,5416.52,2743.68,8054.49,Histórico
2024-11-23,5417.67,2811.54,8019.48,Histórico
2024-11-24,5519.71,2855.13,8385.51,Histórico
2024-11-25,5527.46,2547.44,8342.47,Histórico
2024-11-26,5548.12,3012.85,8235.91,Histórico
2024-11-27,5734.77,2991.66,8468.47,Histórico
2024-11-28,5708.67,3156.72,8299.62,Histórico
2024-11-29,5427.74,2773.01,8193.42,Histórico
2024-11-30,5445.97,2594.64,8113.76,Histórico
2024-12-01,5563.51,2801.8,8183.6,Histórico
2024-12-02,5584.7,2888.55,8480.57,Histórico
2024-12-03,5616.42,3031.37,8262.41,Histórico
2024-12-04,5811.5,3109.69,8397.96,Histórico
2024-12-05,5790.93,2831.62,8460.28,Histórico
2024-12-06,5512.5,2860.98,8191.05,Histórico
2024-12-07,5530.37,3106.61,8081.58,Histórico
2024-12-08,5644.76,3063.06,8352.08,Histórico
2024-12-09,5660.13,3044.54,8260.45,Histórico
2024-12-10,5683.71,3071.21,8426.71,Histórico
2024-12-11,5868.75,3162.16,8580.49,Histórico
2024-12-12,5836.58,3066.87,8539.02,Histórico
2024-12-13,5545.47,2713.26,8307.39,Histórico
2024-12-14,5550.33,2802.62,8124.77,Histórico
2024-12-15,5651.86,3105.22,8185.79,Histórico
2024-12-16,5655.06,3030.17,8278.87,Histórico
2024-12-17,5667.76,3038.66,8355.34,Histórico
2024-12-18,5843.77,3101.48,8448.61,Histórico
2024-12-19,5804.79,3159.1,8305.29,Histórico
2024-12-20,5509.5,2902.19,8028.95,Histórico
2024-12-21,5513.27,3046.3,7983.73,Histórico
2024-12-22,5616.98,2960.15,8489.08,Histórico
2024-12-23,5625.69,2874.12,8291.85,Histórico
2024-12-24,5647.23,2958.95,8212.63,Histórico
2024-12-25,5835.36,3225.06,8477.21,Histórico
2024-12-26,5811.41,2948.05,8383.7,Histórico
2024-12-27,5533.69,2750.59,8208.25,Histórico
2024-12-28,5557.27,2923.55,8387.16,Histórico
2024-12-29,5682.4,3228.89,8419.94,Histórico
2024-12-30,5713.42,2925.36,8473.27,Histórico
2024-12-31,5757.52,3008.88,8595.6,Predicción
2025-01-01,5967.71,3142.84,8691.71,Predicción
2025-01-02,5964.45,3299.27,8636.03,Predicción
2025-01-03,5705.27,3099.84,8609.13,Predicción
2025-01-04,5744.64,2988.43,8265.33,Predicción
2025-01-05,5882.05,3153.57,8547.21,Predicción
2025-01-06,5921.18,3406.28,8604.18,Predicción
2025-01-07,5968.69,3355.99,8518.83,Predicción
2025-01-08,6177.26,3606.35,8868.32,Predicción
2025-01-09,6166.93,3597.68,8828.43,Predicción
2025-01-10,5895.1,3356.97,8632.51,Predicción
2025-01-11,5916.41,3376.64,8375.16,Predicción
2025-01-12,6030.5,3403.53,8728.19,Predicción
2025-01-13,6041.31,3284.79,8406.22,Predicción
2025-01-14,6056.06,3476.13,8658.09,Predicción
2025-01-15,6228.1,3663.62,9029.63,Predicción
2025-01-16,6178.18,3393.65,8585.53,Predicción
2025-01-17,5864.57,3155.24,8726.33,Predicción
2025-01-18,5843.08,3448.56,8509.37,Predicción
2025-01-19,5914.38,3470.68,8754.6,Predicción
2025-01-20,5883.47,3007.28,8390.77,Predicción
2025-01-21,5858.74,3149.06,8510.16,Predicción
2025-01-22,5994.7,3457.25,8599.27,Predicción
2025-01-23,5913.06,3285.11,8436.71,Predicción
2025-01-24,5573.08,2753.19,8187.59,Predicción
2025-01-25,5531.63,2866.72,8171.85,Predicción
2025-01-26,5590.04,2958.72,8323.12,Predicción
2025-01-27,5553.89,2746.39,8364.24,Predicción
2025-01-28,5531.97,3014.38,8145.66,Predicción
2025-01-29,5679.08,2849.56,8387.2,Predicción
2025-01-30,5616.82,2997.6,8620.19,Predicción
2025-01-31,5304.23,2603.69,7934.74,Predicción
2025-02-01,5297.92,2747.92,7920.7,Predicción
2025-02-02,5398.54,2788.86,8033.18,Predicción
2025-02-03,5410.77,2670.77,7870.29,Predicción
2025-02-04,5442.45,2933.5,7985.72,Predicción
2025-02-05,5647.25,3106.33,8248.06,Predicción
2025-02-06,5645.35,2884.47,8184.35,Predicción
2025-02-07,5394.4,2702.96,8096.61,Predicción
2025-02-08,5449.7,2889.81,8050.81,Predicción
2025-02-09,5610.34,2999.96,8239.06,Predicción
2025-02-10,5679.46,3122.77,8380.62,Predicción
2025-02-11,5763.5,3031.62,8558.92,Predicción
2025-02-12,6014.8,3193.83,8627.14,Predicción
2025-02-13,6052.21,3331.16,8527.43,Predicción
2025-02-14,5832.27,3282.18,8572.64,Predicción
2025-02-15,5909.55,3266.61,8803.5,Predicción
2025-02-16,6082.41,3424.45,8727.35,Predicción
2025-02-17,6153.48,3244.45,8828.57,Predicción
2025-02-18,6229.01,3554.7,8653.15,Predicción
2025-02-19,6461.45,3519.79,8895.21,Predicción
2025-02-20,6469.86,3719.1,9097.89,Predicción
2025-02-21,6211.34,3380.05,8572.29,Predicción
2025-02-22,6241.41,3375.88,8922.46,Predicción
2025-02-23,6359.44,3548.08,9199.45,Predicción
2025-02-24,6369.23,3648.46,8891.5,Predicción
2025-02-25,6378.48,3683.2,9020.53,Predicción
2025-02-26,6541.27,4017.88,9256.83,Predicción
2025-02-27,6478.19,3857.77,9274.15,Predicción
2025-02-28,6148.05,3408.33,8854.58,Predicción
2025-03-01,6108.31,3371.81,8787.27,Predicción
2025-03-02,6159.97,3241.73,8801.16,Predicción
2025-03-03,6108.43,3610.26,8810.18,Predicción
2025-03-04,6062.98,3330.69,8791.55,Predicción
2025-03-05,6179.11,3378.63,8823.8,Predicción
2025-03-06,6078.51,3394.82,8921.45,Predicción
2025-03-07,5720.97,3031.98,8424.98,Predicción
2025-03-08,5664.81,2912.0,8341.79,Predicción
2025-03-09,5711.47,2917.29,8292.26,Predicción
2025-03-10,5666.46,3096.27,8420.65,Predicción
2025-03-11,5639.0,2784.31,8215.11,Predicción
2025-03-12,5784.23,3194.49,8530.54,Predicción
2025-03-13,5723.05,3060.34,8442.03,Predicción
2025-03-14,5414.31,2617.6,8097.88,Predicción
2025-03-15,5415.31,2921.43,8139.43,Predicción
2025-03-16,5526.01,2866.03,8033.24,Predicción
2025-03-17,5550.33,2797.22,8300.05,Predicción
2025-03-18,5595.75,2858.54,8110.68,Predicción
2025-03-19,5815.66,3019.95,8498.98,Predicción
2025-03-20,5828.98,3231.19,8480.07,Predicción
2025-03-21,5592.63,2959.04,8074.31,Predicción
2025-03-22,5662.25,3096.36,8392.64,Predicción
2025-03-23,5835.98,3334.45,8465.3,Predicción
2025-03-24,5916.02,3369.35,8585.84,Predicción
2025-03-25,6008.46,3235.06,8750.33,Predicción
2025-03-26,6265.45,3506.28,8909.44,Predicción
2025-03-27,6304.79,3513.78,8963.2,Predicción
2025-03-28,6082.64,3289.88,8853.31,Predicción
2025-03-29,6154.34,3295.07,8843.44,Predicción
2025-03-30,6317.8,3612.93,9157.05,Predicción
