Fecha,Ventas_Predichas,Ventas_Min,Ventas_Max,Tipo
2022-01-01,11664.31,9848.83,13344.45,Histórico
2022-01-02,9361.16,7687.27,11016.52,Histórico
2022-01-03,7246.12,5527.5,8926.32,Histórico
2022-01-04,6987.93,5256.39,8756.06,Histórico
2022-01-05,6828.94,5041.87,8481.45,Histórico
2022-01-06,7792.81,6135.14,9458.62,Histórico
2022-01-07,8314.46,6481.35,10060.89,Histórico
2022-01-08,10138.44,8248.36,11713.61,Histórico
2022-01-09,8288.67,6594.29,9902.5,Histórico
2022-01-10,6161.24,4394.68,7821.26,Histórico
2022-01-11,5907.28,4198.55,7809.47,Histórico
2022-01-12,5766.79,4105.62,7477.21,Histórico
2022-01-13,5617.21,3875.95,7253.83,Histórico
2022-01-14,7330.96,5563.52,9191.09,Histórico
2022-01-15,9213.36,7506.3,10858.79,Histórico
2022-01-16,7428.24,5805.75,9107.96,Histórico
2022-01-17,5374.07,3652.35,7052.89,Histórico
2022-01-18,5202.87,3666.18,6938.55,Histórico
2022-01-19,5151.04,3458.33,6720.05,Histórico
2022-01-20,5094.25,3326.36,6704.31,Histórico
2022-01-21,6905.29,5085.58,8526.01,Histórico
2022-01-22,8885.94,7236.98,10643.92,Histórico
2022-01-23,7194.11,5534.63,8921.36,Histórico
2022-01-24,5230.52,3625.84,6948.49,Histórico
2022-01-25,5148.18,3499.55,6899.5,Histórico
2022-01-26,5180.2,3493.19,6930.8,Histórico
2022-01-27,5201.01,3631.21,6992.41,Histórico
2022-01-28,7084.52,5360.31,8821.71,Histórico
2022-01-29,9129.88,7431.49,10817.11,Histórico
2022-01-30,7490.17,5853.39,9100.11,Histórico
2022-01-31,5569.59,3877.5,7346.52,Histórico
2022-02-01,5523.41,3855.09,7293.17,Histórico
2022-02-02,5582.89,3886.35,7307.21,Histórico
2022-02-03,5622.58,3834.67,7255.48,Histórico
2022-02-04,7519.0,5685.49,9217.53,Histórico
2022-02-05,9570.02,7803.38,11297.09,Histórico
2022-02-06,7925.25,6138.16,9715.84,Histórico
2022-02-07,5993.57,4336.02,7758.72,Histórico
2022-02-08,5933.65,4184.69,7710.76,Histórico
2022-02-09,5975.85,4301.48,7732.43,Histórico
2022-02-10,5995.69,4443.56,7549.72,Histórico
2022-02-11,7872.84,6243.18,9650.94,Histórico
2022-02-12,9904.35,8228.01,11586.09,Histórico
2022-02-13,8236.58,6434.99,9931.29,Histórico
2022-02-14,6283.12,4642.98,7856.96,Histórico
2022-02-15,6205.87,4475.86,7890.18,Histórico
2022-02-16,6233.92,4464.79,7938.57,Histórico
2022-02-17,6243.21,4461.44,8058.98,Histórico
2022-02-18,8115.91,6544.88,9847.59,Histórico
2022-02-19,10147.44,8513.62,11891.04,Histórico
2022-02-20,8479.96,6646.36,10163.26,Histórico
2022-02-21,6530.79,4814.91,8285.99,Histórico
2022-02-22,6464.01,4709.76,8197.76,Histórico
2022-02-23,6506.39,4637.63,8154.77,Histórico
2022-02-24,6533.22,4830.46,8265.84,Histórico
2022-02-25,8428.2,6794.32,10229.09,Histórico
2022-02-26,10484.17,8776.69,12217.64,Histórico
2022-02-27,8838.25,7303.2,10555.27,Histórico
2022-02-28,7147.99,5489.88,8885.07,Histórico
2022-03-01,7104.7,5215.26,8794.8,Histórico
2022-03-02,6932.3,5219.8,8650.96,Histórico
2022-03-03,6979.72,5272.98,8668.93,Histórico
2022-03-04,8894.82,7174.89,10552.19,Histórico
2022-03-05,10967.94,9385.17,12762.4,Histórico
2022-03-06,9331.46,7544.88,11145.52,Histórico
2022-03-07,7409.11,5747.7,9084.46,Histórico
2022-03-08,7368.74,5661.2,9036.52,Histórico
2022-03-09,7432.28,5741.46,9168.96,Histórico
2022-03-10,7474.06,5721.29,9111.05,Histórico
2022-03-11,9381.42,7716.21,11032.86,Histórico
2022-03-12,11443.12,9652.59,13222.67,Histórico
2022-03-13,9787.67,8010.09,11347.44,Histórico
2022-03-14,7843.16,6232.9,9612.0,Histórico
2022-03-15,7780.44,5994.75,9542.02,Histórico
2022-03-16,7820.19,6178.77,9565.15,Histórico
2022-03-17,7837.37,6112.69,9495.31,Histórico
2022-03-18,9722.18,8123.45,11415.46,Histórico
2022-03-19,11762.3,10051.44,13402.18,Histórico
2022-03-20,10082.73,8362.6,11733.54,Histórico
2022-03-21,8116.05,6294.15,9789.53,Histórico
2022-03-22,8036.2,6406.69,9703.74,Histórico
2022-03-23,8062.45,6362.65,9848.93,Histórico
2022-03-24,8070.07,6290.37,9712.04,Histórico
2022-03-25,9951.7,8180.38,11685.67,Histórico
2022-03-26,11993.3,10379.64,13683.78,Histórico
2022-03-27,10315.67,8736.09,12112.23,Histórico
2022-03-28,8355.08,6706.82,10002.36,Histórico
2022-03-29,8287.62,6462.44,9891.09,Histórico
2022-03-30,8330.22,6694.8,10109.35,Histórico
2022-03-31,8357.51,6647.95,10126.12,Histórico
2022-04-01,10263.56,8471.55,12016.42,Histórico
2022-04-02,12331.75,10593.85,13981.87,Histórico
2022-04-03,10677.76,9019.93,12502.23,Histórico
2022-04-04,8740.81,6886.93,10439.91,Histórico
2022-04-05,8698.5,6930.28,10424.2,Histórico
2022-04-06,8764.89,6942.48,10534.4,Histórico
2022-04-07,8813.62,7077.47,10457.94,Histórico
2022-04-08,10740.03,8908.42,12415.88,Histórico
2022-04-09,12824.87,11088.55,14476.05,Histórico
2022-04-10,11178.93,9353.87,12772.95,Histórico
2022-04-11,9244.69,7562.35,10905.14,Histórico
2022-04-12,9201.79,7521.87,10980.46,Histórico
2022-04-13,9262.12,7613.16,11000.6,Histórico
2022-04-14,9692.33,7998.05,11374.94,Histórico
2022-04-15,10667.95,8941.63,12436.63,Histórico
2022-04-16,13275.03,11466.35,14850.56,Histórico
2022-04-17,10749.49,8941.79,12503.03,Histórico
2022-04-18,10443.82,8737.74,12023.65,Histórico
2022-04-19,9554.61,7682.03,11148.3,Histórico
2022-04-20,9577.78,7795.15,11147.27,Histórico
2022-04-21,9576.08,7807.32,11522.07,Histórico
2022-04-22,11450.21,9856.05,13228.62,Histórico
2022-04-23,13478.52,11869.94,15127.33,Histórico
2022-04-24,11764.8,9997.1,13405.11,Histórico
2022-04-25,9760.82,7984.27,11496.7,Histórico
2022-04-26,9652.78,7892.12,11379.45,Histórico
2022-04-27,9650.48,7921.33,11486.26,Histórico
2022-04-28,9628.88,7878.89,11339.61,Histórico
2022-04-29,11491.46,9733.18,13246.36,Histórico
2022-04-30,13515.19,11768.3,15289.61,Histórico
2022-05-01,13923.67,12143.64,15682.99,Histórico
2022-05-02,9801.4,8175.73,11422.82,Histórico
2022-05-03,9708.13,7888.27,11402.26,Histórico
2022-05-04,9727.68,7947.12,11482.39,Histórico
2022-05-05,9734.39,8116.99,11324.89,Histórico
2022-05-06,11633.17,9846.67,13306.33,Histórico
2022-05-07,13698.22,11926.13,15382.64,Histórico
2022-05-08,12024.12,10332.67,13698.2,Histórico
2022-05-09,10069.19,8361.18,11701.63,Histórico
2022-05-10,10023.1,8281.59,11739.61,Histórico
2022-05-11,10090.09,8385.03,11731.8,Histórico
2022-05-12,10142.95,8308.08,11983.3,Histórico
2022-05-13,12087.29,10429.75,13915.38,Histórico
2022-05-14,14194.04,12481.2,15910.69,Histórico
2022-05-15,12552.21,10731.71,14143.92,Histórico
2022-05-16,10229.33,8576.8,12021.96,Histórico
2022-05-17,10596.61,8732.92,12490.16,Histórico
2022-05-18,10675.27,9029.46,12399.52,Histórico
2022-05-19,10730.72,9033.17,12307.58,Histórico
2022-05-20,12670.21,10997.02,14412.75,Histórico
2022-05-21,14762.62,13197.27,16379.4,Histórico
2022-05-22,13092.75,11300.38,14769.17,Histórico
2022-05-23,11125.66,9240.13,12851.71,Histórico
2022-05-24,11055.38,9341.15,12899.82,Histórico
2022-05-25,11082.22,9414.56,12803.93,Histórico
2022-05-26,11079.14,9243.47,12779.87,Histórico
2022-05-27,12956.8,11177.49,14752.28,Histórico
2022-05-28,14983.67,13260.86,16607.96,Histórico
2022-05-29,13241.94,11484.34,14899.84,Histórico
2022-05-30,11202.21,9468.91,12877.64,Histórico
2022-05-31,11062.76,9315.5,12766.96,Histórico
2022-06-01,11023.76,9361.97,12713.61,Histórico
2022-06-02,10959.9,9242.99,12726.08,Histórico
2022-06-03,12785.68,11136.58,14497.93,Histórico
2022-06-04,14769.34,13122.65,16485.7,Histórico
2022-06-05,12990.27,11233.02,14851.56,Histórico
2022-06-06,10924.16,9076.33,12467.46,Histórico
2022-06-07,10772.72,9053.04,12577.4,Histórico
2022-06-08,10734.97,9113.76,12443.54,Histórico
2022-06-09,10685.9,8942.94,12502.87,Histórico
2022-06-10,12542.28,10873.68,14306.95,Histórico
2022-06-11,14570.3,12890.59,16434.05,Histórico
2022-06-12,12844.54,11017.43,14587.42,Histórico
2022-06-13,10843.69,9020.38,12630.59,Histórico
2022-06-14,10770.68,8943.57,12406.03,Histórico
2022-06-15,10821.13,9200.81,12534.26,Histórico
2022-06-16,10868.2,9176.67,12632.65,Histórico
2022-06-17,12828.76,11006.6,14505.89,Histórico
2022-06-18,14964.97,13264.47,16718.1,Histórico
2022-06-19,12684.2,11074.07,14399.75,Histórico
2022-06-20,11448.5,9778.5,13234.07,Histórico
2022-06-21,11478.78,9782.76,13284.76,Histórico
2022-06-22,11626.91,9844.86,13309.25,Histórico
2022-06-23,11763.54,10096.8,13583.74,Histórico
2022-06-24,13805.38,12055.42,15544.39,Histórico
2022-06-25,16010.61,14241.23,17697.05,Histórico
2022-06-26,14441.11,12550.81,16145.92,Histórico
2022-06-27,12579.12,10776.8,14362.21,Histórico
2022-06-28,12628.64,11004.11,14357.51,Histórico
2022-06-29,12777.92,10971.03,14503.23,Histórico
2022-06-30,12896.87,11334.72,14649.49,Histórico
2022-07-01,14904.03,13124.84,16674.79,Histórico
2022-07-02,17055.84,15411.73,18889.8,Histórico
2022-07-03,15410.41,13633.74,17076.8,Histórico
2022-07-04,13454.67,11807.43,15210.13,Histórico
2022-07-05,13396.28,11681.3,15162.43,Histórico
2022-07-06,13423.11,11564.76,15184.68,Histórico
2022-07-07,13406.79,11658.01,15151.19,Histórico
2022-07-08,15270.13,13633.5,16994.04,Histórico
2022-07-09,17270.01,15484.71,18988.86,Histórico
2022-07-10,15462.8,13619.19,17055.81,Histórico
2022-07-11,13341.86,11641.01,15061.01,Histórico
2022-07-12,13119.95,11367.06,14847.71,Histórico
2022-07-13,12985.66,11092.01,14567.75,Histórico
2022-07-14,12813.14,11055.73,14606.95,Histórico
2022-07-15,14529.81,12761.71,16199.49,Histórico
2022-07-16,16393.04,14719.11,18156.19,Histórico
2022-07-17,14457.09,12687.99,16112.25,Histórico
2022-07-18,10872.53,9072.91,12466.3,Histórico
2022-07-19,11901.58,10366.7,13551.7,Histórico
2022-07-20,11686.73,9972.67,13488.08,Histórico
2022-07-21,11451.44,9726.25,13198.61,Histórico
2022-07-22,13125.81,11385.4,14933.3,Histórico
2022-07-23,14965.56,13119.43,16730.39,Histórico
2022-07-24,13020.54,11235.73,14732.44,Histórico
2022-07-25,10793.11,9134.64,12551.81,Histórico
2022-07-26,10501.64,8787.79,12148.69,Histórico
2022-07-27,10330.97,8463.49,12029.61,Histórico
2022-07-28,10154.51,8441.04,11908.02,Histórico
2022-07-29,11902.77,10273.74,13570.74,Histórico
2022-07-30,13827.74,12085.67,15566.44,Histórico
2022-07-31,11972.94,10316.45,13666.31,Histórico
2022-08-01,9842.38,8060.93,11649.56,Histórico
2022-08-02,9654.6,8064.39,11542.06,Histórico
2022-08-03,9590.24,7717.58,11319.05,Histórico
2022-08-04,9520.38,7730.02,11274.24,Histórico
2022-08-05,11375.49,9576.81,13175.68,Histórico
2022-08-06,13403.65,11578.9,14999.8,Histórico
2022-08-07,11642.28,9935.01,13324.69,Histórico
2022-08-08,9597.51,7805.05,11354.94,Histórico
2022-08-09,9488.87,7641.07,11196.59,Histórico
2022-08-10,9493.85,7770.95,11146.92,Histórico
2022-08-11,9482.47,7904.07,11255.28,Histórico
2022-08-12,11386.69,9595.8,13073.0,Histórico
2022-08-13,13452.31,11635.65,15092.09,Histórico
2022-08-14,11712.42,9951.43,13399.37,Histórico
2022-08-15,9677.13,8096.93,11500.2,Histórico
2022-08-16,9568.81,7994.52,11303.62,Histórico
2022-08-17,9563.69,7822.38,11308.0,Histórico
2022-08-18,9532.55,7764.6,11370.52,Histórico
2022-08-19,11410.48,9778.17,13240.88,Histórico
2022-08-20,13442.64,11756.17,15206.54,Histórico
2022-08-21,11659.16,9894.79,13337.45,Histórico
2022-08-22,9575.37,7898.23,11403.89,Histórico
2022-08-23,9417.47,7772.51,11157.4,Histórico
2022-08-24,9361.18,7708.05,11043.86,Histórico
2022-08-25,9334.57,7661.86,11023.0,Histórico
2022-08-26,11108.15,9310.62,12812.12,Histórico
2022-08-27,13094.47,11334.13,14854.63,Histórico
2022-08-28,11264.5,9609.31,13009.6,Histórico
2022-08-29,9138.36,7411.37,10878.82,Histórico
2022-08-30,8945.47,7091.01,10671.45,Histórico
2022-08-31,8860.22,7330.94,10622.89,Histórico
2022-09-01,8754.99,7029.03,10483.23,Histórico
2022-09-02,10570.68,8833.22,12286.61,Histórico
2022-09-03,12549.99,10854.27,14262.27,Histórico
2022-09-04,10715.52,8952.97,12483.19,Histórico
2022-09-05,8590.87,6971.44,10286.12,Histórico
2022-09-06,8407.44,6761.54,10203.27,Histórico
2022-09-07,8337.07,6618.07,10036.62,Histórico
2022-09-08,8251.29,6487.43,9864.89,Histórico
2022-09-09,10092.28,8297.75,11814.18,Histórico
2022-09-10,12099.98,10420.64,13678.25,Histórico
2022-09-11,10291.77,8516.5,11868.2,Histórico
2022-09-12,8194.13,6381.78,9908.61,Histórico
2022-09-13,8039.9,6254.65,9687.81,Histórico
2022-09-14,7998.05,6281.17,9734.88,Histórico
2022-09-15,7939.13,6203.28,9626.19,Histórico
2022-09-16,9806.64,8138.89,11512.17,Histórico
2022-09-17,11837.93,10190.71,13493.13,Histórico
2022-09-18,10045.53,8284.88,11776.82,Histórico
2022-09-19,7959.26,6184.37,9664.83,Histórico
2022-09-20,7814.06,6104.73,9520.59,Histórico
2022-09-21,7776.74,5903.84,9603.65,Histórico
2022-09-22,7717.66,5971.65,9449.12,Histórico
2022-09-23,9582.51,7907.28,11382.36,Histórico
2022-09-24,11606.95,9848.88,13295.2,Histórico
2022-09-25,9799.59,8064.17,11540.87,Histórico
2022-09-26,7694.48,5993.5,9438.05,Histórico
2022-09-27,7529.51,5774.21,9289.52,Histórico
2022-09-28,7470.15,5617.2,9202.74,Histórico
2022-09-29,7387.32,5756.55,9180.7,Histórico
2022-09-30,9229.5,7603.3,10969.6,Histórico
2022-10-01,11231.25,9360.63,13082.63,Histórico
2022-10-02,9397.61,7670.16,11054.08,Histórico
2022-10-03,7267.17,5484.59,8987.65,Histórico
2022-10-04,7080.95,5344.84,8836.76,Histórico
2022-10-05,7003.07,5197.99,8740.3,Histórico
2022-10-06,6904.89,5148.67,8532.78,Histórico
2022-10-07,8737.51,6919.93,10399.85,Histórico
2022-10-08,10733.94,9040.88,12502.58,Histórico
2022-10-09,8895.46,7241.15,10639.24,Histórico
2022-10-10,6695.37,5001.46,8463.9,Histórico
2022-10-11,6584.22,5002.04,8262.33,Histórico
2022-10-12,6517.15,4857.23,8418.12,Histórico
2022-10-13,6434.2,4751.49,8307.96,Histórico
2022-10-14,8288.52,6524.44,9990.97,Histórico
2022-10-15,10310.73,8533.57,12076.35,Histórico
2022-10-16,8496.49,6860.41,10215.97,Histórico
2022-10-17,6392.04,4621.83,8024.07,Histórico
2022-10-18,6243.11,4517.93,7946.37,Histórico
2022-10-19,6208.86,4519.86,8051.29,Histórico
2022-10-20,6159.47,4365.31,7827.62,Histórico
2022-10-21,8049.73,6260.55,9804.37,Histórico
2022-10-22,10107.38,8241.77,11843.12,Histórico
2022-10-23,8322.46,6593.55,10111.38,Histórico
2022-10-24,6244.83,4525.92,8053.66,Histórico
2022-10-25,6122.27,4298.84,7767.69,Histórico
2022-10-26,6111.13,4417.91,7843.36,Histórico
2022-10-27,6080.89,4335.33,7832.27,Histórico
2022-10-28,7988.28,6142.16,9676.35,Histórico
2022-10-29,10058.53,8322.99,11748.59,Histórico
2022-10-30,8276.57,6578.34,10005.47,Histórico
2022-10-31,6196.47,4434.5,7879.66,Histórico
2022-11-01,6068.72,4355.34,7755.27,Histórico
2022-11-02,5160.26,3335.65,6938.58,Histórico
2022-11-03,6002.5,4291.08,7748.67,Histórico
2022-11-04,7893.05,6045.19,9555.16,Histórico
2022-11-05,9942.74,8302.56,11661.33,Histórico
2022-11-06,8132.19,6592.32,9909.51,Histórico
2022-11-07,6020.45,4287.51,7767.2,Histórico
2022-11-08,5861.51,4063.62,7685.19,Histórico
2022-11-09,5808.19,4131.1,7599.59,Histórico
2022-11-10,5730.76,3915.03,7404.7,Histórico
2022-11-11,7592.01,5803.27,9308.8,Histórico
2022-11-12,9614.28,7885.91,11368.0,Histórico
2022-11-13,7774.45,5979.11,9619.82,Histórico
2022-11-14,5636.59,3725.21,7338.39,Histórico
2022-11-15,5458.47,3803.68,7260.27,Histórico
2022-11-16,5391.51,3772.63,7138.84,Histórico
2022-11-17,5306.65,3496.6,6941.75,Histórico
2022-11-18,7170.01,5407.42,8891.66,Histórico
2022-11-19,9202.26,7401.62,10936.37,Histórico
2022-11-20,7375.07,5617.23,9128.29,Histórico
2022-11-21,5257.91,3521.21,7066.72,Histórico
2022-11-22,5111.85,3322.16,6807.93,Histórico
2022-11-23,5085.87,3277.58,6805.91,Histórico
2022-11-24,5050.65,3445.82,6824.97,Histórico
2022-11-25,6974.74,5205.05,8641.93,Histórico
2022-11-26,9075.97,7453.83,10801.74,Histórico
2022-11-27,7319.97,5663.37,9025.25,Histórico
2022-11-28,5280.31,3549.25,6917.84,Histórico
2022-11-29,5220.25,3476.48,6978.37,Histórico
2022-11-30,5285.19,3495.66,7130.0,Histórico
2022-12-01,5344.47,3649.51,7081.16,Histórico
2022-12-02,7368.04,5633.13,9232.82,Histórico
2022-12-03,9569.92,7845.84,11246.89,Histórico
2022-12-04,7908.81,6278.72,9558.23,Histórico
2022-12-05,5961.61,4245.84,7549.8,Histórico
2022-12-06,5993.12,4169.63,7733.67,Histórico
2022-12-07,6144.69,4320.2,7848.94,Histórico
2022-12-08,6283.97,4625.27,7882.74,Histórico
2022-12-09,8382.12,6574.3,10107.9,Histórico
2022-12-10,10649.36,8765.37,12421.11,Histórico
2022-12-11,9037.65,7290.17,10775.54,Histórico
2022-12-12,7127.6,5384.47,8768.81,Histórico
2022-12-13,7186.09,5582.89,8980.88,Histórico
2022-12-14,7351.18,5668.02,9063.4,Histórico
2022-12-15,7489.71,5668.82,9157.89,Histórico
2022-12-16,9575.14,7794.59,11309.26,Histórico
2022-12-17,11815.11,9976.7,13498.23,Histórico
2022-12-18,10156.25,8291.67,11777.14,Histórico
2022-12-19,8184.22,6494.42,9888.46,Histórico
2022-12-20,8169.57,6535.13,9956.93,Histórico
2022-12-21,8248.61,6498.91,9911.12,Histórico
2022-12-22,8289.02,6476.89,9898.99,Histórico
2022-12-23,10268.23,8600.55,11935.84,Histórico
2022-12-24,12392.85,10615.56,13996.67,Histórico
2022-12-25,7681.67,5872.85,9372.61,Histórico
2022-12-26,8497.92,6802.46,10263.56,Histórico
2022-12-27,8346.55,6576.71,9962.69,Histórico
2022-12-28,8286.72,6517.36,9921.9,Histórico
2022-12-29,8187.93,6413.56,9898.0,Histórico
2022-12-30,10032.41,8262.74,11703.12,Histórico
2022-12-31,12026.22,10259.16,13794.18,Histórico
2023-01-01,10617.59,8800.36,12281.96,Histórico
2023-01-02,7877.03,6133.59,9563.96,Histórico
2023-01-03,7614.06,5971.31,9393.04,Histórico
2023-01-04,7453.56,5810.31,9296.3,Histórico
2023-01-05,7266.25,5578.34,8988.97,Histórico
2023-01-06,10254.38,8562.46,12101.14,Histórico
2023-01-07,10974.26,9189.07,12626.27,Histórico
2023-01-08,9007.59,7204.44,10782.18,Histórico
2023-01-09,6743.32,5032.35,8445.4,Histórico
2023-01-10,6465.38,4762.98,8033.36,Histórico
2023-01-11,6305.58,4565.11,8124.63,Histórico
2023-01-12,6134.08,4288.17,7845.93,Histórico
2023-01-13,7939.27,6186.96,9638.59,Histórico
2023-01-14,9922.22,8260.33,11583.1,Histórico
2023-01-15,8009.67,6225.77,9734.46,Histórico
2023-01-16,5810.42,4091.98,7454.82,Histórico
2023-01-17,5610.16,3793.09,7398.76,Histórico
2023-01-18,5536.5,3977.69,7160.65,Histórico
2023-01-19,5457.71,3708.01,7168.27,Histórico
2023-01-20,7363.22,5536.7,9036.98,Histórico
2023-01-21,9449.79,7719.25,11287.17,Histórico
2023-01-22,7636.65,5756.5,9401.3,Histórico
2023-01-23,5535.91,3821.03,7298.03,Histórico
2023-01-24,5434.84,3690.81,7144.25,Histórico
2023-01-25,5456.83,3793.54,7116.53,Histórico
2023-01-26,5468.58,3869.03,7086.41,Histórico
2023-01-27,7461.07,5614.16,9133.04,Histórico
2023-01-28,9627.45,7959.38,11341.98,Histórico
2023-01-29,7880.36,6158.06,9743.72,Histórico
2023-01-30,5836.37,4086.99,7428.17,Histórico
2023-01-31,5785.55,4066.92,7390.49,Histórico
2023-02-01,5848.49,4095.16,7657.49,Histórico
2023-02-02,5891.74,4211.56,7595.21,Histórico
2023-02-03,7909.35,6107.37,9700.87,Histórico
2023-02-04,10092.37,8282.68,11698.89,Histórico
2023-02-05,8348.34,6696.64,10050.29,Histórico
2023-02-06,6299.72,4693.91,7995.28,Histórico
2023-02-07,6240.74,4417.86,7981.16,Histórico
2023-02-08,6290.4,4559.66,8048.25,Histórico
2023-02-09,6316.15,4655.13,8024.63,Histórico
2023-02-10,8316.01,6540.74,10053.74,Histórico
2023-02-11,10479.67,8750.81,12105.74,Histórico
2023-02-12,8710.04,6977.22,10538.94,Histórico
2023-02-13,6635.78,4793.79,8291.02,Histórico
2023-02-14,6555.37,4805.86,8163.5,Histórico
2023-02-15,6586.04,4893.07,8337.06,Histórico
2023-02-16,6595.86,4914.04,8332.94,Histórico
2023-02-17,8586.29,6799.94,10376.21,Histórico
2023-02-18,10744.94,8849.87,12424.69,Histórico
2023-02-19,8969.3,7283.87,10679.51,Histórico
2023-02-20,7145.23,5285.63,8957.46,Histórico
2023-02-21,7070.5,5332.27,8773.75,Histórico
2023-02-22,6859.36,5085.09,8672.44,Histórico
2023-02-23,6883.46,5220.38,8667.57,Histórico
2023-02-24,8894.55,7063.64,10808.55,Histórico
2023-02-25,11077.09,9367.26,12707.51,Histórico
2023-02-26,9322.18,7605.62,11013.08,Histórico
2023-02-27,7267.93,5610.45,9012.72,Histórico
2023-02-28,7218.47,5445.76,8784.03,Histórico
2023-03-01,7284.69,5582.56,9005.0,Histórico
2023-03-02,7333.13,5528.5,9127.49,Histórico
2023-03-03,9369.62,7678.77,11111.31,Histórico
2023-03-04,11575.33,9825.47,13338.75,Histórico
2023-03-05,9834.62,8049.98,11406.44,Histórico
2023-03-06,7790.41,6032.99,9508.36,Histórico
2023-03-07,7749.71,5985.72,9391.95,Histórico
2023-03-08,7820.4,6133.11,9565.35,Histórico
2023-03-09,7868.64,5968.68,9571.23,Histórico
2023-03-10,9903.19,8215.87,11687.58,Histórico
2023-03-11,12102.71,10410.44,13973.05,Histórico
2023-03-12,10345.88,8644.62,11965.49,Histórico
2023-03-13,8281.34,6534.68,10004.19,Histórico
2023-03-14,8219.97,6585.9,9873.85,Histórico
2023-03-15,8267.57,6518.11,10005.26,Histórico
2023-03-16,8290.83,6533.58,10068.72,Histórico
2023-03-17,10302.23,8569.39,12099.23,Histórico
2023-03-18,12478.61,10763.57,14302.51,Histórico
2023-03-19,10693.56,8890.65,12248.57,Histórico
2023-03-20,8601.8,6846.35,10284.08,Histórico
2023-03-21,8518.37,6824.01,10288.05,Histórico
2023-03-22,8547.02,6784.41,10354.3,Histórico
2023-03-23,8554.91,6798.3,10254.49,Histórico
2023-03-24,10557.93,8873.39,12213.92,Histórico
2023-03-25,12730.68,10978.2,14527.98,Histórico
2023-03-26,10941.03,9222.63,12647.9,Histórico
2023-03-27,8849.09,7147.82,10582.79,Histórico
2023-03-28,8773.18,7049.19,10560.33,Histórico
2023-03-29,8814.09,6932.7,10444.38,Histórico
2023-03-30,8838.42,7138.24,10632.21,Histórico
2023-03-31,10864.46,9226.24,12461.11,Histórico
2023-04-01,13063.53,11291.97,14766.94,Histórico
2023-04-02,11296.81,9683.66,13004.6,Histórico
2023-04-03,9228.83,7496.03,10997.39,Histórico
2023-04-04,9180.34,7416.05,11035.88,Histórico
2023-04-05,9248.47,7513.2,10956.3,Histórico
2023-04-06,9717.27,8191.78,11441.39,Histórico
2023-04-07,10773.68,9065.5,12472.6,Histórico
2023-04-08,13573.88,11812.07,15259.35,Histórico
2023-04-09,10915.41,9278.65,12619.13,Histórico
2023-04-10,9761.87,8112.87,11642.93,Histórico
2023-04-11,9719.89,8008.32,11460.59,Histórico
2023-04-12,9789.03,8084.02,11545.55,Histórico
2023-04-13,9834.28,8200.12,11646.39,Histórico
2023-04-14,11878.76,10224.37,13617.3,Histórico
2023-04-15,14087.7,12484.97,16014.32,Histórico
2023-04-16,12309.73,10647.85,13974.54,Histórico
2023-04-17,11085.13,9552.87,12822.64,Histórico
2023-04-18,10145.29,8434.79,11868.3,Histórico
2023-04-19,10178.31,8479.34,11842.92,Histórico
2023-04-20,10184.5,8463.22,12023.2,Histórico
2023-04-21,12190.91,10478.63,13899.83,Histórico
2023-04-22,14361.23,12700.53,16076.28,Histórico
2023-04-23,12539.23,10741.62,14254.49,Histórico
2023-04-24,10406.31,8736.86,12224.73,Histórico
2023-04-25,10294.54,8631.01,11939.01,Histórico
2023-04-26,10294.2,8607.04,11953.8,Histórico
2023-04-27,10271.84,8604.22,12015.49,Histórico
2023-04-28,12258.35,10542.98,13944.98,Histórico
2023-04-29,14415.54,12769.49,16001.97,Histórico
2023-04-30,12581.79,10858.17,14302.9,Histórico
2023-05-01,12710.86,11014.18,14471.32,Histórico
2023-05-02,10338.51,8535.04,12029.74,Histórico
2023-05-03,10352.14,8554.26,12028.98,Histórico
2023-05-04,10351.25,8513.8,12014.1,Histórico
2023-05-05,12369.21,10631.22,14060.91,Histórico
2023-05-06,14564.5,12925.34,16271.75,Histórico
2023-05-07,12768.64,11037.59,14497.12,Histórico
2023-05-08,10673.03,9018.09,12381.02,Histórico
2023-05-09,10615.45,8810.71,12342.66,Histórico
2023-05-10,10679.35,8969.6,12413.68,Histórico
2023-05-11,10729.21,8994.29,12367.29,Histórico
2023-05-12,12799.86,11036.84,14458.22,Histórico
2023-05-13,15045.63,13327.89,16761.64,Histórico
2023-05-14,13290.53,11690.25,15129.24,Histórico
2023-05-15,11229.89,9497.27,12788.62,Histórico
2023-05-16,11203.57,9629.01,12958.02,Histórico
2023-05-17,11291.08,9561.66,13009.38,Histórico
2023-05-18,11355.76,9635.85,13043.1,Histórico
2023-05-19,13434.6,11725.06,15121.29,Histórico
2023-05-20,15678.75,13927.76,17472.76,Histórico
2023-05-21,13905.95,12224.65,15688.14,Histórico
2023-05-22,11396.17,9623.06,13141.39,Histórico
2023-05-23,11755.03,10119.72,13518.99,Histórico
2023-05-24,11797.78,10046.96,13621.16,Histórico
2023-05-25,11809.08,10010.02,13566.04,Histórico
2023-05-26,13829.98,12054.61,15718.52,Histórico
2023-05-27,16010.32,14290.23,17721.89,Histórico
2023-05-28,14163.37,12419.02,15886.72,Histórico
2023-05-29,11996.86,10315.85,13723.7,Histórico
2023-05-30,11859.54,10067.88,13487.12,Histórico
2023-05-31,11827.93,10063.56,13555.85,Histórico
2023-06-01,11767.79,10139.94,13395.06,Histórico
2023-06-02,13725.08,12126.37,15367.46,Histórico
2023-06-03,15848.89,14030.76,17449.55,Histórico
2023-06-04,13948.28,12198.14,15665.15,Histórico
2023-06-05,11737.94,10081.28,13235.25,Histórico
2023-06-06,11571.45,9745.0,13343.1,Histórico
2023-06-07,11523.75,9841.67,13323.42,Histórico
2023-06-08,11461.31,9773.48,13099.89,Histórico
2023-06-09,13433.63,11768.57,15009.96,Histórico
2023-06-10,15587.39,13771.51,17354.45,Histórico
2023-06-11,13725.56,12001.88,15346.43,Histórico
2023-06-12,11567.72,9645.32,13192.44,Histórico
2023-06-13,11470.02,9773.16,13167.38,Histórico
2023-06-14,11503.48,9863.62,13200.73,Histórico
2023-06-15,11532.93,9731.58,13144.7,Histórico
2023-06-16,13609.03,11904.47,15392.41,Histórico
2023-06-17,15873.78,14155.35,17690.55,Histórico
2023-06-18,14121.89,12496.85,15842.65,Histórico
2023-06-19,11369.03,9626.46,13201.32,Histórico
2023-06-20,12092.63,10349.55,13901.11,Histórico
2023-06-21,12237.9,10494.65,13906.55,Histórico
2023-06-22,12373.67,10624.12,14030.32,Histórico
2023-06-23,14550.97,12842.04,16383.48,Histórico
2023-06-24,16906.7,15213.27,18600.39,Histórico
2023-06-25,15227.25,13512.54,16800.44,Histórico
2023-06-26,13238.39,11455.37,14896.75,Histórico
2023-06-27,13298.65,11527.27,15006.24,Histórico
2023-06-28,13469.46,11635.49,15153.98,Histórico
2023-06-29,13611.5,11815.39,15421.05,Histórico
2023-06-30,15777.96,14085.56,17410.76,Histórico
2023-07-01,18102.72,16380.8,19904.23,Histórico
2023-07-02,16366.19,14561.34,18045.18,Histórico
2023-07-03,14299.92,12715.25,15987.69,Histórico
2023-07-04,14266.69,12472.73,15892.08,Histórico
2023-07-05,14326.39,12678.91,15962.57,Histórico
2023-07-06,14341.11,12621.93,16103.17,Histórico
2023-07-07,16368.94,14794.7,18222.62,Histórico
2023-07-08,18543.29,16788.42,20219.87,Histórico
2023-07-09,16641.06,14900.69,18375.24,Histórico
2023-07-10,14401.77,12822.22,16189.28,Histórico
2023-07-11,14194.39,12522.31,15948.92,Histórico
2023-07-12,14078.92,12239.39,15825.68,Histórico
2023-07-13,13920.15,12241.95,15664.79,Histórico
2023-07-14,15781.94,14051.23,17557.91,Histórico
2023-07-15,17797.83,16094.5,19576.48,Histórico
2023-07-16,15741.26,14045.97,17490.88,Histórico
2023-07-17,13359.48,11711.95,15177.57,Histórico
2023-07-18,11582.21,9746.82,13223.81,Histórico
2023-07-19,12802.69,11309.48,14593.8,Histórico
2023-07-20,12552.84,10932.37,14314.51,Histórico
2023-07-21,14345.3,12529.63,15981.58,Histórico
2023-07-22,16311.68,14581.01,18045.71,Histórico
2023-07-23,14219.78,12556.7,15980.04,Histórico
2023-07-24,11822.13,10009.65,13593.44,Histórico
2023-07-25,11496.14,9824.23,13178.34,Histórico
2023-07-26,11297.33,9554.73,12920.7,Histórico
2023-07-27,11090.46,9360.11,12797.69,Histórico
2023-07-28,12944.95,11178.92,14645.02,Histórico
2023-07-29,14988.03,13223.93,16727.16,Histórico
2023-07-30,12979.52,11258.68,14593.26,Histórico
2023-07-31,10675.16,8980.91,12251.71,Histórico
2023-08-01,10453.45,8689.03,12141.68,Histórico
2023-08-02,10364.78,8608.07,12132.89,Histórico
2023-08-03,10271.31,8593.59,11963.48,Histórico
2023-08-04,12243.05,10435.83,14039.09,Histórico
2023-08-05,14402.24,12676.15,16150.48,Histórico
2023-08-06,12500.51,10706.72,14305.02,Histórico
2023-08-07,10296.89,8676.3,12065.84,Histórico
2023-08-08,10171.45,8426.58,11894.42,Histórico
2023-08-09,10170.21,8550.47,11871.24,Histórico
2023-08-10,10153.81,8387.11,11951.43,Histórico
2023-08-11,12194.13,10389.45,13962.69,Histórico
2023-08-12,14410.02,12671.74,16040.05,Histórico
2023-08-13,12546.62,10755.29,14279.55,Histórico
2023-08-14,10368.15,8506.06,12086.42,Histórico
2023-08-15,10258.17,8525.08,11897.27,Histórico
2023-08-16,10260.37,8447.01,11993.65,Histórico
2023-08-17,10235.86,8398.92,12028.41,Histórico
2023-08-18,12260.36,10405.1,13935.07,Histórico
2023-08-19,14451.16,12779.45,16335.19,Histórico
2023-08-20,12548.67,10719.42,14217.14,Histórico
2023-08-21,10323.83,8600.66,12064.37,Histórico
2023-08-22,10165.09,8301.8,11783.79,Histórico
2023-08-23,10114.89,8332.3,11816.8,Histórico
2023-08-24,10035.74,8287.41,11727.35,Histórico
2023-08-25,12067.95,10524.98,13743.99,Histórico
2023-08-26,14147.23,12493.81,15770.99,Histórico
2023-08-27,12189.72,10398.35,13719.98,Histórico
2023-08-28,9912.84,8310.84,11680.47,Histórico
2023-08-29,9709.51,7820.23,11554.37,Histórico
2023-08-30,9620.34,7838.11,11362.6,Histórico
2023-08-31,9508.38,7882.55,11361.31,Histórico
2023-09-01,11457.3,9668.52,13233.13,Histórico
2023-09-02,13580.87,11809.18,15303.49,Histórico
2023-09-03,11608.93,9897.18,13292.45,Histórico
2023-09-04,9324.31,7626.03,10917.23,Histórico
2023-09-05,9123.07,7333.14,10679.61,Histórico
2023-09-06,9042.6,7325.22,10659.87,Histórico
2023-09-07,8945.17,7238.62,10613.34,Histórico
2023-09-08,10916.67,9240.32,12622.33,Histórico
2023-09-09,13067.35,11326.13,14764.07,Histórico
2023-09-10,11120.11,9343.16,12781.53,Histórico
2023-09-11,8862.14,7145.64,10634.52,Histórico
2023-09-12,8691.87,7028.33,10423.13,Histórico
2023-09-13,8642.91,6870.85,10296.15,Histórico
2023-09-14,8576.36,6884.53,10319.57,Histórico
2023-09-15,10580.1,8781.46,12257.28,Histórico
2023-09-16,12760.89,11164.12,14636.9,Histórico
2023-09-17,10834.81,9009.0,12545.87,Histórico
2023-09-18,8593.76,6870.72,10499.5,Histórico
2023-09-19,8439.02,6710.97,10247.99,Histórico
2023-09-20,8401.08,6749.15,10138.51,Histórico
2023-09-21,8340.58,6476.72,10174.56,Histórico
2023-09-22,10348.29,8716.61,12188.65,Histórico
2023-09-23,12528.33,11014.5,14313.52,Histórico
2023-09-24,10590.95,8863.68,12444.54,Histórico
2023-09-25,8333.75,6633.22,10097.12,Histórico
2023-09-26,8161.85,6564.18,9845.28,Histórico
2023-09-27,8103.51,6506.13,10024.22,Histórico
2023-09-28,8019.83,6266.36,9701.36,Histórico
2023-09-29,10005.25,8212.14,11631.21,Histórico
2023-09-30,12162.01,10414.79,13740.75,Histórico
2023-10-01,10195.13,8485.62,11869.59,Histórico
2023-10-02,7908.34,6239.4,9523.71,Histórico
2023-10-03,7710.96,5958.09,9311.32,Histórico
2023-10-04,7629.24,6053.34,9487.42,Histórico
2023-10-05,7524.81,5861.49,9286.77,Histórico
2023-10-06,9495.68,7631.85,11196.21,Histórico
2023-10-07,11641.97,9849.81,13298.46,Histórico
2023-10-08,9663.14,7890.56,11364.65,Histórico
2023-10-09,7368.61,5568.33,9119.48,Histórico
2023-10-10,7171.32,5435.02,8840.27,Histórico
2023-10-11,7094.84,5313.89,8878.87,Histórico
2023-10-12,7000.58,5098.81,8711.64,Histórico
2023-10-13,8989.38,7294.75,10716.37,Histórico
2023-10-14,11158.41,9499.48,12849.4,Histórico
2023-10-15,9200.72,7496.23,10960.69,Histórico
2023-10-16,6856.32,5137.7,8633.75,Histórico
2023-10-17,6763.82,4958.16,8380.79,Histórico
2023-10-18,6720.51,5135.89,8436.0,Histórico
2023-10-19,6661.18,4954.2,8209.74,Histórico
2023-10-20,8688.84,6929.78,10317.96,Histórico
2023-10-21,10897.23,9150.57,12589.4,Histórico
2023-10-22,8972.54,7169.46,10737.13,Histórico
2023-10-23,6733.63,4903.45,8469.91,Histórico
2023-10-24,6598.86,4809.26,8414.63,Histórico
2023-10-25,6584.89,4870.8,8253.06,Histórico
2023-10-26,6551.36,4821.26,8206.74,Histórico
2023-10-27,8603.63,6886.02,10273.67,Histórico
2023-10-28,10832.28,9297.72,12623.06,Histórico
2023-10-29,8917.07,7267.19,10549.75,Histórico
2023-10-30,6681.9,4906.26,8526.85,Histórico
2023-10-31,6548.37,4901.35,8315.99,Histórico
2023-11-01,6530.31,4790.41,8318.4,Histórico
2023-11-02,5532.29,3723.71,7299.67,Histórico
2023-11-03,8527.77,6631.64,10146.07,Histórico
2023-11-04,10740.05,9043.1,12459.6,Histórico
2023-11-05,8798.31,7053.74,10412.82,Histórico
2023-11-06,6532.4,4705.03,8091.06,Histórico
2023-11-07,6367.99,4660.66,8131.82,Histórico
2023-11-08,6316.94,4579.08,8035.7,Histórico
2023-11-09,6239.45,4453.49,8098.46,Histórico
2023-11-10,8247.95,6541.7,9856.28,Histórico
2023-11-11,10429.0,8630.58,11998.72,Histórico
2023-11-12,8451.79,6758.89,10197.29,Histórico
2023-11-13,6152.57,4413.61,7790.22,Histórico
2023-11-14,5961.4,4331.37,7714.03,Histórico
2023-11-15,5888.39,4099.87,7485.18,Histórico
2023-11-16,5794.51,4066.31,7687.64,Histórico
2023-11-17,7796.02,5997.77,9417.67,Histórico
2023-11-18,9977.62,8278.62,11668.32,Histórico
2023-11-19,8003.17,6310.44,9665.53,Histórico
2023-11-20,5714.83,3941.99,7434.5,Histórico
2023-11-21,5546.51,3926.25,7269.37,Histórico
2023-11-22,5505.82,3682.75,7167.28,Histórico
2023-11-23,5453.67,3697.27,7242.31,Histórico
2023-11-24,7509.22,5748.75,9209.55,Histórico
2023-11-25,9754.28,8043.31,11404.71,Histórico
2023-11-26,7846.27,6156.99,9536.01,Histórico
2023-11-27,5632.13,3861.05,7517.37,Histórico
2023-11-28,5548.4,3645.83,7347.8,Histórico
2023-11-29,5598.98,3876.1,7303.56,Histórico
2023-11-30,5643.53,3946.01,7495.67,Histórico
2023-12-01,7802.9,6093.97,9580.51,Histórico
2023-12-02,10154.89,8521.12,11784.19,Histórico
2023-12-03,8349.43,6693.59,10133.84,Histórico
2023-12-04,6237.24,4643.01,8042.91,Histórico
2023-12-05,6256.64,4491.14,8110.63,Histórico
2023-12-06,6407.11,4620.25,8022.79,Histórico
2023-12-07,6546.43,4884.28,8268.89,Histórico
2023-12-08,8796.79,7093.67,10467.34,Histórico
2023-12-09,11231.72,9532.12,12945.24,Histórico
2023-12-10,9493.61,7714.91,11126.22,Histórico
2023-12-11,7437.12,5683.4,9166.76,Histórico
2023-12-12,7502.69,5849.18,9346.21,Histórico
2023-12-13,7685.93,6091.56,9559.19,Histórico
2023-12-14,7843.52,6178.58,9529.86,Histórico
2023-12-15,10099.89,8362.76,11878.98,Histórico
2023-12-16,12525.41,10830.43,14335.94,Histórico
2023-12-17,10756.19,9040.26,12460.98,Histórico
2023-12-18,8652.28,6901.78,10348.7,Histórico
2023-12-19,8657.76,6866.45,10311.29,Histórico
2023-12-20,8765.99,7047.59,10406.03,Histórico
2023-12-21,8834.25,7097.97,10639.43,Histórico
2023-12-22,10990.91,9227.78,12737.59,Histórico
2023-12-23,13304.98,11626.5,15019.37,Histórico
2023-12-24,11407.98,9642.98,13191.5,Histórico
2023-12-25,6019.11,4365.09,7854.52,Histórico
2023-12-26,9031.24,7382.87,10670.42,Histórico
2023-12-27,8993.36,7292.73,10739.31,Histórico
2023-12-28,8912.48,7196.66,10575.12,Histórico
2023-12-29,10922.05,9247.16,12718.7,Histórico
2023-12-30,13090.56,11353.08,14719.42,Histórico
2023-12-31,11045.66,9387.73,12786.06,Histórico
2024-01-01,9210.61,7412.09,11127.23,Histórico
2024-01-02,8393.87,6532.48,9888.52,Histórico
2024-01-03,8233.36,6491.96,10040.29,Histórico
2024-01-04,8041.01,6368.28,9796.69,Histórico
2024-01-05,9954.79,8130.32,11663.34,Histórico
2024-01-06,13351.1,11649.65,15121.29,Histórico
2024-01-07,9924.83,8194.0,11632.35,Histórico
2024-01-08,7484.47,5678.78,9318.55,Histórico
2024-01-09,7179.38,5370.84,8879.35,Histórico
2024-01-10,6998.73,5321.77,8697.8,Histórico
2024-01-11,6802.96,5115.7,8411.25,Histórico
2024-01-12,8732.67,7030.95,10452.16,Histórico
2024-01-13,10851.71,9308.05,12488.12,Histórico
2024-01-14,8775.91,7083.93,10463.75,Histórico
2024-01-15,6390.18,4689.25,8137.22,Histórico
2024-01-16,6155.21,4514.63,7785.27,Histórico
2024-01-17,6055.87,4336.31,7752.18,Histórico
2024-01-18,5950.75,4340.81,7579.22,Histórico
2024-01-19,7981.6,6190.93,9804.99,Histórico
2024-01-20,10207.72,8492.38,11915.56,Histórico
2024-01-21,8236.99,6510.06,10066.7,Histórico
2024-01-22,5957.72,4124.05,7624.33,Histórico
2024-01-23,5832.12,4113.04,7575.3,Histórico
2024-01-24,5840.47,3997.72,7465.68,Histórico
2024-01-25,5839.45,4108.77,7664.99,Histórico
2024-01-26,7972.19,6199.01,9682.97,Histórico
2024-01-27,10293.95,8582.25,11878.2,Histórico
2024-01-28,8405.35,6650.15,10091.56,Histórico
2024-01-29,6199.11,4344.72,7879.23,Histórico
2024-01-30,6140.06,4385.53,7761.8,Histórico
2024-01-31,6205.21,4396.69,7926.9,Histórico
2024-02-01,6250.8,4583.96,7837.95,Histórico
2024-02-02,8422.88,6676.21,10128.21,Histórico
2024-02-03,10774.27,9108.7,12533.48,Histórico
2024-02-04,8900.0,7171.49,10746.09,Histórico
2024-02-05,6698.77,4905.51,8490.27,Histórico
2024-02-06,6639.62,4782.64,8383.5,Histórico
2024-02-07,6697.76,4933.06,8305.02,Histórico
2024-02-08,6730.32,5025.54,8623.29,Histórico
2024-02-09,8887.49,7146.4,10612.53,Histórico
2024-02-10,11220.63,9508.21,12885.11,Histórico
2024-02-11,9320.02,7672.69,11087.18,Histórico
2024-02-12,7361.75,5629.38,9020.8,Histórico
2024-02-13,7277.86,5617.42,9083.93,Histórico
2024-02-14,7041.74,5400.7,8839.98,Histórico
2024-02-15,7053.13,5343.37,8776.43,Histórico
2024-02-16,9195.16,7506.91,10940.56,Histórico
2024-02-17,11517.26,9803.84,13199.56,Histórico
2024-02-18,9604.22,7837.04,11258.45,Histórico
2024-02-19,7367.05,5639.82,9091.34,Histórico
2024-02-20,7282.94,5476.28,8963.44,Histórico
2024-02-21,7322.7,5619.32,9014.85,Histórico
2024-02-22,7343.89,5513.52,8994.85,Histórico
2024-02-23,9503.14,7899.88,11217.02,Histórico
2024-02-24,11846.74,10212.14,13638.52,Histórico
2024-02-25,9952.8,8201.85,11534.03,Histórico
2024-02-26,7736.95,6032.78,9523.15,Histórico
2024-02-27,7678.96,5977.08,9446.35,Histórico
2024-02-28,7745.97,5960.54,9362.8,Histórico
2024-02-29,7794.47,6068.3,9473.27,Histórico
2024-03-01,9983.11,8191.41,11578.78,Histórico
2024-03-02,12354.63,10606.67,14086.08,Histórico
2024-03-03,10480.31,8782.92,12231.72,Histórico
2024-03-04,8280.38,6452.35,9971.43,Histórico
2024-03-05,8237.36,6526.35,10062.7,Histórico
2024-03-06,8315.13,6594.91,10023.69,Histórico
2024-03-07,8369.61,6835.98,10090.98,Histórico
2024-03-08,10562.2,8792.02,12260.1,Histórico
2024-03-09,12932.92,11183.47,14569.66,Histórico
2024-03-10,11047.11,9431.16,12757.72,Histórico
2024-03-11,8830.64,7221.59,10609.89,Histórico
2024-03-12,8769.83,7064.4,10469.68,Histórico
2024-03-13,8826.33,7244.14,10508.89,Histórico
2024-03-14,8856.54,7222.57,10638.85,Histórico
2024-03-15,11025.57,9447.56,12726.8,Histórico
2024-03-16,13371.62,11642.77,15131.75,Histórico
2024-03-17,11454.9,9676.63,13053.54,Histórico
2024-03-18,9207.51,7433.94,10968.52,Histórico
2024-03-19,9120.07,7372.53,10757.77,Histórico
2024-03-20,9152.3,7414.12,10890.58,Histórico
2024-03-21,9161.23,7433.56,10849.7,Histórico
2024-03-22,11315.61,9536.73,13046.28,Histórico
2024-03-23,13651.54,11781.51,15315.84,Histórico
2024-03-24,11723.67,9950.66,13419.99,Histórico
2024-03-25,9469.76,7724.5,11243.18,Histórico
2024-03-26,9383.95,7680.44,11098.15,Histórico
2024-03-27,9423.17,7598.59,10982.1,Histórico
2024-03-28,9893.72,7992.13,11574.47,Histórico
2024-03-29,10997.57,9235.19,12759.59,Histórico
2024-03-30,13977.77,12258.8,15541.75,Histórico
2024-03-31,11098.65,9363.64,12900.57,Histórico
2024-04-01,9841.39,8162.12,11453.11,Histórico
2024-04-02,9784.16,8124.94,11543.01,Histórico
2024-04-03,9852.99,8009.57,11605.76,Histórico
2024-04-04,9903.3,8262.2,11669.67,Histórico
2024-04-05,12108.36,10423.27,13789.0,Histórico
2024-04-06,14497.42,12786.76,16050.11,Histórico
2024-04-07,12611.42,10894.83,14267.88,Histórico
2024-04-08,10397.15,8564.07,11993.95,Histórico
2024-04-09,10353.84,8668.98,11987.54,Histórico
2024-04-10,10431.28,8573.17,12260.26,Histórico
2024-04-11,10484.19,8697.91,12265.01,Histórico
2024-04-12,12688.45,10970.61,14440.09,Histórico
2024-04-13,15070.49,13365.73,16914.75,Histórico
2024-04-14,13165.26,11463.97,14804.85,Histórico
2024-04-15,10925.14,9222.03,12621.71,Histórico
2024-04-16,10853.19,9203.26,12519.56,Histórico
2024-04-17,10897.03,9182.47,12642.49,Histórico
2024-04-18,10911.98,9174.12,12586.04,Histórico
2024-04-19,13077.8,11375.88,14892.73,Histórico
2024-04-20,15419.33,13701.53,17200.99,Histórico
2024-04-21,13466.63,11753.28,15197.46,Histórico
2024-04-22,12110.66,10607.54,14018.59,Histórico
2024-04-23,11063.16,9265.87,12745.29,Histórico
2024-04-24,11066.19,9248.52,12778.82,Histórico
2024-04-25,11044.09,9272.63,12736.16,Histórico
2024-04-26,13180.72,11573.2,14878.13,Histórico
2024-04-27,15499.25,13765.68,17302.46,Histórico
2024-04-28,13524.6,11782.24,15232.78,Histórico
2024-04-29,11221.77,9471.21,12945.88,Histórico
2024-04-30,11102.36,9395.61,12835.3,Histórico
2024-05-01,13548.23,11963.56,15340.5,Histórico
2024-05-02,11100.8,9452.86,12788.74,Histórico
2024-05-03,13261.45,11512.03,14864.46,Histórico
2024-05-04,15612.0,13716.7,17266.01,Histórico
2024-05-05,13670.68,11909.79,15301.72,Histórico
2024-05-06,11406.95,9556.09,13076.71,Histórico
2024-05-07,11334.7,9651.9,13052.9,Histórico
2024-05-08,11393.51,9797.18,13249.87,Histórico
2024-05-09,11437.97,9745.17,12989.59,Histórico
2024-05-10,13656.11,11936.31,15168.29,Histórico
2024-05-11,16063.77,14332.19,17832.98,Histórico
2024-05-12,14171.5,12466.96,15963.26,Histórico
2024-05-13,11952.55,10171.86,13734.01,Histórico
2024-05-14,11922.63,10244.94,13595.03,Histórico
2024-05-15,12017.13,10352.32,13873.67,Histórico
2024-05-16,12089.15,10342.58,13793.72,Histórico
2024-05-17,14328.57,12664.41,16038.54,Histórico
2024-05-18,16295.6,14685.08,18145.05,Histórico
2024-05-19,14850.38,13119.11,16641.84,Histórico
2024-05-20,12614.9,10980.29,14268.6,Histórico
2024-05-21,12560.3,10883.32,14304.43,Histórico
2024-05-22,12619.41,10893.45,14295.77,Histórico
2024-05-23,12645.7,10963.19,14453.14,Histórico
2024-05-24,14832.83,13122.11,16593.29,Histórico
2024-05-25,17191.55,15264.03,18855.18,Histórico
2024-05-26,15221.12,13486.45,17094.61,Histórico
2024-05-27,12906.71,11239.43,14551.03,Histórico
2024-05-28,12772.59,11111.83,14530.8,Histórico
2024-05-29,12750.79,11120.31,14520.76,Histórico
2024-05-30,12696.64,10953.6,14444.41,Histórico
2024-05-31,14808.89,13089.52,16497.65,Histórico
2024-06-01,17097.74,15425.14,18870.28,Histórico
2024-06-02,15058.48,13381.23,16826.36,Histórico
2024-06-03,12683.64,10989.24,14350.26,Histórico
2024-06-04,12502.66,10767.03,14328.41,Histórico
2024-06-05,12446.39,10817.23,14201.28,Histórico
2024-06-06,12371.35,10584.29,14014.62,Histórico
2024-06-07,14480.26,12829.76,16274.24,Histórico
2024-06-08,16781.4,15086.3,18575.95,Histórico
2024-06-09,14764.39,13161.89,16372.13,Histórico
2024-06-10,12427.1,10668.36,14277.61,Histórico
2024-06-11,12301.97,10472.33,14085.02,Histórico
2024-06-12,12316.34,10480.62,14008.09,Histórico
2024-06-13,12325.37,10559.75,14002.1,Histórico
2024-06-14,14533.25,12798.19,16277.62,Histórico
2024-06-15,16943.76,15299.04,18698.78,Histórico
2024-06-16,15038.39,13394.71,16749.54,Histórico
2024-06-17,12817.98,10927.13,14438.28,Histórico
2024-06-18,12815.81,11017.47,14555.89,Histórico
2024-06-19,12193.89,10424.75,13794.6,Histórico
2024-06-20,13083.92,11457.12,14864.53,Histórico
2024-06-21,15410.7,13767.4,17214.8,Histórico
2024-06-22,17932.41,16227.5,19628.86,Histórico
2024-06-23,16121.83,14447.16,17874.39,Histórico
2024-06-24,13982.65,12401.51,15802.01,Histórico
2024-06-25,14049.25,12260.01,15755.69,Histórico
2024-06-26,14238.68,12638.68,15828.7,Histórico
2024-06-27,14401.25,12672.41,16115.09,Histórico
2024-06-28,16742.91,15012.71,18558.51,Histórico
2024-06-29,19258.41,17502.69,20958.27,Histórico
2024-06-30,17413.98,15619.05,19266.35,Histórico
2024-07-01,15218.61,13575.54,16945.0,Histórico
2024-07-02,15210.42,13552.41,16899.35,Histórico
2024-07-03,15304.52,13479.41,16908.76,Histórico
2024-07-04,15352.26,13721.32,16918.07,Histórico
2024-07-05,17564.16,15717.05,19308.23,Histórico
2024-07-06,19934.3,18305.46,21697.6,Histórico
2024-07-07,17925.21,16183.62,19758.59,Histórico
2024-07-08,15553.8,13821.58,17349.17,Histórico
2024-07-09,15364.41,13678.87,17148.44,Histórico
2024-07-10,15272.35,13626.79,17046.0,Histórico
2024-07-11,15131.86,13362.75,16645.29,Histórico
2024-07-12,17159.51,15307.38,18845.62,Histórico
2024-07-13,19349.79,17469.34,21139.47,Histórico
2024-07-14,17162.19,15612.53,18840.03,Histórico
2024-07-15,14621.79,12976.16,16436.67,Histórico
2024-07-16,14278.96,12466.81,15992.55,Histórico
2024-07-17,14048.56,12339.93,15634.23,Histórico
2024-07-18,12234.21,10535.47,14065.82,Histórico
2024-07-19,15714.53,13957.91,17567.9,Histórico
2024-07-20,17825.24,16122.99,19647.77,Histórico
2024-07-21,15573.17,13762.69,17285.25,Histórico
2024-07-22,12989.23,11241.85,14681.72,Histórico
2024-07-23,12627.23,10820.78,14467.21,Histórico
2024-07-24,12398.92,10614.84,14103.82,Histórico
2024-07-25,12159.46,10414.84,13747.15,Histórico
2024-07-26,14131.86,12460.82,15983.84,Histórico
2024-07-27,16305.12,14575.06,17939.22,Histórico
2024-07-28,14125.79,12583.6,15942.32,Histórico
2024-07-29,11628.08,9788.55,13339.58,Histórico
2024-07-30,11366.94,9694.58,13077.63,Histórico
2024-07-31,11248.94,9525.04,12999.94,Histórico
2024-08-01,11126.5,9502.29,12796.25,Histórico
2024-08-02,13223.03,11370.86,14918.23,Histórico
2024-08-03,15522.29,13821.15,17310.59,Histórico
2024-08-04,13462.28,11669.1,15222.76,Histórico
2024-08-05,11080.21,9364.33,12858.27,Histórico
2024-08-06,10932.16,9252.59,12654.19,Histórico
2024-08-07,10919.92,9123.69,12641.69,Histórico
2024-08-08,10893.94,9143.57,12602.74,Histórico
2024-08-09,13079.06,11298.08,14876.98,Histórico
2024-08-10,15455.19,13594.61,17252.13,Histórico
2024-08-11,13453.39,11706.66,15191.61,Histórico
2024-08-12,11115.65,9432.22,12824.66,Histórico
2024-08-13,11001.18,9336.03,12778.66,Histórico
2024-08-14,11009.08,9320.4,12753.27,Histórico
2024-08-15,10989.98,9265.45,12643.35,Histórico
2024-08-16,13172.32,11592.34,14912.93,Histórico
2024-08-17,15534.24,13883.42,17391.96,Histórico
2024-08-18,13501.91,11717.31,15311.57,Histórico
2024-08-19,11124.0,9367.26,12731.04,Histórico
2024-08-20,10964.58,9209.76,12704.28,Histórico
2024-08-21,10921.56,9365.35,12745.96,Histórico
2024-08-22,10847.01,8990.9,12524.35,Histórico
2024-08-23,12974.03,11198.5,14755.63,Histórico
2024-08-24,15279.72,13548.33,17032.34,Histórico
2024-08-25,13250.41,11622.63,14971.17,Histórico
2024-08-26,10747.88,9097.68,12474.7,Histórico
2024-08-27,10534.72,8757.21,12274.21,Histórico
2024-08-28,10442.69,8660.4,12202.81,Histórico
2024-08-29,10324.73,8586.89,12027.16,Histórico
2024-08-30,12417.72,10806.74,14140.86,Histórico
2024-08-31,14696.74,12914.07,16361.92,Histórico
2024-09-01,12577.91,10823.05,14259.19,Histórico
2024-09-02,10122.3,8269.46,11790.75,Histórico
2024-09-03,9902.12,8116.31,11672.34,Histórico
2024-09-04,9810.72,8092.39,11557.79,Histórico
2024-09-05,9700.42,7945.87,11447.18,Histórico
2024-09-06,11810.44,10013.85,13494.09,Histórico
2024-09-07,14112.45,12289.85,15803.14,Histórico
2024-09-08,12015.67,10319.8,13817.78,Histórico
2024-09-09,9585.54,7744.93,11402.94,Histórico
2024-09-10,9396.61,7644.41,11159.84,Histórico
2024-09-11,9338.39,7749.13,11101.14,Histórico
2024-09-12,9261.9,7499.59,11015.42,Histórico
2024-09-13,11408.25,9535.96,13074.26,Histórico
2024-09-14,13745.44,11961.82,15291.96,Histórico
2024-09-15,11675.69,10031.17,13389.14,Histórico
2024-09-16,9268.95,7518.52,10945.7,Histórico
2024-09-17,9102.44,7543.31,10825.02,Histórico
2024-09-18,9062.29,7349.47,10816.34,Histórico
2024-09-19,8998.9,7162.98,10774.33,Histórico
2024-09-20,11156.01,9438.85,12890.51,Histórico
2024-09-21,13498.83,11767.51,15195.47,Histórico
2024-09-22,11423.59,9588.91,13171.16,Histórico
2024-09-23,9005.73,7216.23,10714.27,Histórico
2024-09-24,8826.2,7114.04,10700.78,Histórico
2024-09-25,8768.82,6973.06,10546.48,Histórico
2024-09-26,8684.35,6872.42,10403.01,Histórico
2024-09-27,10820.19,8952.43,12471.18,Histórico
2024-09-28,13139.6,11357.94,14986.06,Histórico
2024-09-29,11033.61,9353.79,12684.07,Histórico
2024-09-30,8583.87,6953.21,10383.12,Histórico
2024-10-01,8375.59,6563.28,10069.64,Histórico
2024-10-02,8290.65,6583.72,9957.47,Histórico
2024-10-03,8180.49,6545.12,10042.1,Histórico
2024-10-04,10296.2,8473.84,12002.79,Histórico
2024-10-05,12599.09,10936.61,14257.71,Histórico
2024-10-06,10474.79,8793.11,12191.55,Histórico
2024-10-07,8010.8,6258.9,9723.69,Histórico
2024-10-08,7796.12,6093.72,9508.51,Histórico
2024-10-09,7710.14,6111.3,9419.2,Histórico
2024-10-10,7604.24,5781.28,9239.59,Histórico
2024-10-11,9732.48,7998.83,11475.2,Histórico
2024-10-12,11973.72,10234.94,13493.8,Histórico
2024-10-13,9946.29,8222.53,11614.01,Histórico
2024-10-14,7503.68,5823.4,9323.03,Histórico
2024-10-15,7317.44,5584.12,9056.24,Histórico
2024-10-16,7263.61,5444.95,9072.24,Histórico
2024-10-17,7192.69,5470.09,8843.32,Histórico
2024-10-18,9360.93,7781.74,11091.01,Histórico
2024-10-19,11723.4,10033.8,13476.48,Histórico
2024-10-20,9652.53,7929.32,11254.21,Histórico
2024-10-21,7245.32,5535.43,8927.16,Histórico
2024-10-22,7096.17,5311.92,8743.52,Histórico
2024-10-23,7077.53,5344.75,8752.43,Histórico
2024-10-24,7038.9,5343.98,8757.77,Histórico
2024-10-25,9238.75,7524.04,10845.37,Histórico
2024-10-26,11628.82,9930.77,13468.53,Histórico
2024-10-27,9574.95,7845.0,11357.95,Histórico
2024-10-28,7179.03,5538.69,8960.16,Histórico
2024-10-29,7038.52,5325.64,8747.38,Histórico
2024-10-30,7022.85,5280.43,8621.98,Histórico
2024-10-31,6981.28,5196.82,8639.81,Histórico
2024-11-01,9175.27,7358.04,10856.06,Histórico
2024-11-02,10529.4,8682.34,12238.6,Histórico
2024-11-03,9477.92,7725.43,11226.54,Histórico
2024-11-04,7054.42,5212.27,8736.64,Histórico
2024-11-05,6885.04,5161.59,8514.49,Histórico
2024-11-06,6837.18,5079.71,8546.18,Histórico
2024-11-07,6760.7,4981.66,8449.61,Histórico
2024-11-08,8920.96,7065.16,10696.11,Histórico
2024-11-09,11265.53,9539.35,12980.84,Histórico
2024-11-10,9149.59,7280.49,10893.13,Histórico
2024-11-11,6687.28,4878.08,8370.66,Histórico
2024-11-12,6484.53,4715.78,8184.68,Histórico
2024-11-13,6407.08,4590.83,8110.51,Histórico
2024-11-14,6305.69,4623.32,8087.75,Histórico
2024-11-15,8449.7,6783.38,9933.54,Histórico
2024-11-16,10785.0,9066.09,12418.34,Histórico
2024-11-17,8661.61,6990.0,10373.34,Histórico
2024-11-18,6199.81,4442.17,7874.63,Histórico
2024-11-19,6009.57,4307.1,7616.11,Histórico
2024-11-20,5954.37,4307.24,7722.3,Histórico
2024-11-21,5885.11,4184.89,7557.77,Histórico
2024-11-22,8074.27,6280.64,9960.06,Histórico
2024-11-23,10465.07,8616.02,12234.9,Histórico
2024-11-24,8401.31,6761.27,10222.89,Histórico
2024-11-25,6008.23,4173.92,7853.64,Histórico
2024-11-26,5898.61,4193.79,7661.35,Histórico
2024-11-27,5932.4,4101.45,7686.98,Histórico
2024-11-28,5959.37,4162.87,7588.97,Histórico
2024-11-29,8253.8,6516.97,9961.96,Histórico
2024-11-30,10754.98,8974.54,12512.89,Histórico
2024-12-01,8799.25,6961.76,10419.12,Histórico
2024-12-02,6515.66,4814.91,8227.33,Histórico
2024-12-03,6518.74,4875.79,8360.6,Histórico
2024-12-04,6663.92,4892.43,8412.29,Histórico
2024-12-05,6799.03,5188.93,8527.64,Histórico
2024-12-06,9199.53,7479.54,10736.1,Histórico
2024-12-07,11800.26,10001.82,13520.18,Histórico
2024-12-08,9929.81,8316.8,11653.79,Histórico
2024-12-09,7720.93,6018.74,9313.5,Histórico
2024-12-10,7790.0,6065.84,9726.28,Histórico
2024-12-11,7988.3,6259.58,9727.16,Histórico
2024-12-12,8162.23,6426.53,9997.82,Histórico
2024-12-13,10589.16,8838.63,12339.65,Histórico
2024-12-14,13200.46,11525.8,14866.63,Histórico
2024-12-15,11318.09,9681.13,13036.13,Histórico
2024-12-16,9079.85,7401.03,10919.08,Histórico
2024-12-17,9105.45,7308.86,10802.2,Histórico
2024-12-18,9243.6,7582.2,10902.55,Histórico
2024-12-19,9341.02,7566.86,10954.76,Histórico
2024-12-20,11678.79,9960.64,13377.03,Histórico
2024-12-21,14186.64,12302.26,15873.32,Histórico
2024-12-22,12181.81,10443.45,14018.06,Histórico
2024-12-23,9808.95,8237.34,11475.76,Histórico
2024-12-24,9692.9,7749.05,11320.9,Histórico
2024-12-25,6306.27,4654.8,8014.99,Histórico
2024-12-26,9623.42,7851.91,11354.08,Histórico
2024-12-27,11804.79,9950.63,13530.0,Histórico
2024-12-28,14155.0,12382.23,15770.5,Histórico
2024-12-29,11987.55,10247.98,13575.97,Histórico
2024-12-30,9454.75,7693.62,11207.24,Histórico
2024-12-31,9187.1,7497.67,10830.26,Predicción
2025-01-01,9620.22,7866.82,11251.03,Predicción
2025-01-02,8839.59,7235.31,10511.26,Predicción
2025-01-03,10901.25,9154.93,12762.41,Predicción
2025-01-04,13145.26,11431.25,14904.37,Predicción
2025-01-05,10880.59,9179.08,12546.62,Predicción
2025-01-06,9669.77,8030.59,11456.62,Predicción
2025-01-07,7936.7,6065.28,9713.46,Predicción
2025-01-08,7737.47,5963.76,9525.66,Predicción
2025-01-09,7519.07,5936.79,9268.63,Predicción
2025-01-10,9575.55,7880.91,11176.85,Predicción
2025-01-11,11832.36,10123.88,13516.71,Predicción
2025-01-12,9591.85,7877.35,11347.41,Predicción
2025-01-13,7017.41,5329.87,8679.22,Predicción
2025-01-14,6746.13,5070.48,8421.71,Predicción
2025-01-15,6619.05,4886.65,8512.58,Predicción
2025-01-16,6485.01,4749.49,8223.77,Predicción
2025-01-17,8639.26,6823.71,10295.68,Predicción
2025-01-18,11002.68,9264.74,12715.88,Predicción
2025-01-19,8869.61,7237.36,10613.27,Predicción
2025-01-20,6406.72,4592.7,8132.58,Predicción
2025-01-21,6252.43,4589.22,7900.9,Predicción
2025-01-22,6242.95,4442.36,7926.7,Predicción
2025-01-23,6224.97,4521.93,7959.16,Predicción
2025-01-24,8494.82,6747.53,10263.16,Predicción
2025-01-25,10969.01,9299.22,12610.92,Predicción
2025-01-26,8934.28,7233.63,10512.42,Predicción
2025-01-27,6561.33,4844.13,8320.82,Predicción
2025-01-28,6490.86,4805.8,8199.95,Predicción
2025-01-29,6555.46,4811.06,8233.07,Predicción
2025-01-30,6601.0,4845.42,8211.92,Predicción
2025-01-31,8926.44,7129.64,10574.07,Predicción
2025-02-01,11445.53,9705.44,13289.3,Predicción
2025-02-02,9439.16,7838.66,11261.86,Predicción
2025-02-03,7083.79,5297.35,8838.05,Predicción
2025-02-04,7024.14,5342.01,8836.8,Predicción
2025-02-05,7090.85,5268.22,8831.02,Predicción
2025-02-06,7130.64,5585.53,8883.98,Predicción
2025-02-07,9446.51,7706.7,11122.12,Predicción
2025-02-08,11950.8,10220.12,13737.77,Predicción
2025-02-09,9919.69,8175.24,11657.65,Predicción
2025-02-10,7536.33,5828.3,9153.37,Predicción
2025-02-11,7450.15,5669.78,9112.68,Predicción
2025-02-12,7490.32,5728.11,9304.54,Predicción
2025-02-13,7504.56,5771.0,9219.9,Predicción
2025-02-14,9799.96,8105.27,11593.7,Predicción
2025-02-15,12287.15,10615.43,14068.32,Predicción
2025-02-16,10237.09,8478.38,11912.87,Predicción
2025-02-17,7838.92,6251.14,9685.68,Predicción
2025-02-18,7745.92,5981.01,9368.57,Predicción
2025-02-19,7784.74,5977.89,9520.51,Predicción
2025-02-20,7802.98,6270.98,9397.93,Predicción
2025-02-21,10110.52,8386.68,11853.26,Predicción
2025-02-22,12615.04,10778.8,14217.53,Predicción
2025-02-23,10580.96,8898.97,12358.94,Predicción
2025-02-24,8202.15,6511.42,9830.06,Predicción
2025-02-25,8134.51,6470.61,9881.91,Predicción
2025-02-26,8201.06,6522.51,9899.3,Predicción
2025-02-27,8248.29,6563.84,9997.29,Predicción
2025-02-28,10588.06,8749.01,12192.75,Predicción
2025-03-01,13124.39,11396.14,14827.53,Predicción
2025-03-02,11114.75,9359.56,12886.68,Predicción
2025-03-03,9048.63,7300.04,10854.37,Predicción
2025-03-04,9002.17,7295.09,10728.45,Predicción
2025-03-05,8794.78,7058.77,10417.9,Predicción
2025-03-06,8854.7,7044.36,10574.0,Predicción
2025-03-07,11205.08,9462.92,12910.91,Predicción
2025-03-08,13747.01,11975.21,15422.01,Predicción
2025-03-09,11731.8,10063.14,13471.35,Predicción
2025-03-10,9363.21,7637.13,11160.28,Predicción
2025-03-11,9303.34,7675.18,11047.06,Predicción
2025-03-12,9369.37,7625.82,11008.71,Predicción
2025-03-13,9407.37,7768.24,11212.72,Predicción
2025-03-14,11735.38,10035.45,13442.38,Predicción
2025-03-15,14252.61,12465.81,16051.26,Predicción
2025-03-16,12205.24,10553.73,13960.84,Predicción
2025-03-17,9803.3,8135.66,11508.3,Predicción
2025-03-18,9713.26,8075.7,11417.61,Predicción
2025-03-19,9750.48,8060.89,11501.68,Predicción
2025-03-20,9761.79,8079.41,11497.71,Predicción
2025-03-21,12069.04,10193.83,13756.4,Predicción
2025-03-22,14569.55,12858.35,16326.0,Predicción
2025-03-23,12504.12,10747.73,14231.78,Predicción
2025-03-24,10088.67,8362.22,11823.15,Predicción
2025-03-25,9993.42,8212.35,11593.68,Predicción
2025-03-26,10031.16,8340.94,11748.74,Predicción
2025-03-27,10048.53,8376.02,11864.51,Predicción
2025-03-28,12370.18,10564.87,14187.3,Predicción
2025-03-29,14890.42,13181.6,16600.18,Predicción
2025-03-30,12843.51,11109.17,14601.59,Predicción
